tournamentality,tournamenttable,tournament,tournamental,tournamentor,tournamentes,tournamented,tournamention,tournamenting,tournamentallied,tournaments
texanized,texanisms,texanness,texasisms,texasness,texanism,texaners,texasers,texasism,texasive,texasing,texasize,texassed,texasallied,texanization,texan,texas,texasizing,texasor,texases,texaser,texasly,texased,texaner,texanes,texaned,texanic,texans,texasization
your,yourative,youriving,youric,youred,youres,yourer,youror,yourly,youral,yourion,youring,yourive,yourism,yourred,yourments,yourrings,yourable,yourably,yourally,yourance,youreers,yourings,yourness,yourment,yourlies,yourability,yourabilities,yournessed
musics,musication,musiccable,musicially,musicicals,musications,musicics,musicial,musicion,musicing,musicity,musicism,musicced,musiccal,musicers,musicors,musicer,musices,musiced,musicic,musicly,musicor,musicability,music,musicable,musicancy,musicance,musiccals,musicical,musicials,musicions,musicings,musicisms,musicment,musicness,musiciality,musicically
mother,motherability,mothered,motheres,motherer,motheral,motheror,mothers,motherizing,mothering,motherism,motherers,motherrings,motherable,motherings,motherisms,motherness
farm,farmor,farmly,farmic,farmed,farmes,farmal,farms,farmable,farmeers,farmming,farmmers,farmness,farmability,farmables,farmality,farmation,farmalities,farmeds,farmeer,farmors,farmmer,farmion
inventations,inventables,inventation,inventative,inventibles,inventments,inventtable,inventability,invents,invency,invented,invental,inventic,inventer,inventes,invently,inventers,inventeds,inventity,inventing,inventics,inventtor,inventted,invent,inventable,inventeors,inventeers,inventings,inventible,inventment,inventting,inventibleness,inventativeness
you,youive,youism,youial,youion,youing,youers,youals,youable,youance,youings,youment,youlies,youlied,youness,youality,youor,youed,youal,youly,youic,youes,youer,youiving,youations
opportunity,opportunitiers,opportunitieds,opportunitiors,opportunitying,opportunitys,opportunitic,opportunityor,opportunityer,opportunityes,opportunitier,opportunities,opportunitied,opportunitics
personalally,personalable,personalisms,personallize,personalness,personalment,personalality,personalation,personalative,personals,personallizes,personallized,personallization,personalism,personaling,personalled,personalals,personallizing,personalal,personaler,personales,personaled,personalic,personalor,personal
warren,warrens,warrener,warrened,warrenal,warrenism,warrening,warrenize,warrenity,warreners,warrenner,warrenally,warrenings,warrenized,warrenisms
airport,airportability,airportation,airports,airportiving,airporters,airportlys,airportism,airporting,airportor,airportly,airportal,airported,airporter,airportes,airportable,airportions,airportlies,airportness
at,atly,atism,atlys,atlies,atness
chemicalizing,chemicalized,chemicalizes,chemicallies,chemicalling,chemicalization,chemicals,chemicism,chemical,chemicly,chemics,chemicalizations,chemicalize,chemicalism,chemicalled,chemicaleor,chemic,chemicalal,chemicales,chemicaler,chemicaled,chemicalor,chemically
penguins,penguin,penguiners,penguining,penguinism,penguinity,penguinize,penguinality,penguinicity,penguinor,penguinic,penguinly,penguinal,penguines,penguiner,penguined,penguinations,penguinance,penguinized,penguinizer,penguinness
hobbiers,hobbying,hobbyism,hobbyer,hobbyes,hobbyor,hobbied,hobbier,hobbies,hobbily,hobbiness,hobbyness,hobby,hobbys,hobbic,hobbyation
be,bes,bely,beism,belys,beness
gardeners,gardeneer,gardenial,gardenize,gardenner,gardenned,gardenizing,gardens,garden,gardenization,gardenable,gardenally,gardeneers,gardenized,gardenment,gardenning,gardenness,gardenners,gardenic,gardenly,gardenor,gardenal,gardened,gardener,gardenes
throats,throatism,throating,throaters,throateds,throatly,throator,throatal,throated,throates,throater,throatable,throatings,throatting,throat
host,hostals,hosteds,hosters,hostial,hostion,hosting,hostive,hostity,hostter,hostted,hostabilities,hostibility,hostality,hosttables,hosticity,hostivity,hosts,hosttable,hostal,hostor,hostly,hostic,hosted,hostes,hoster,hostliness,hostability,hostance,hostally,hostable,hostions,hostings,hostical,hostible,hostials,hostness,hostters,hostting,hostalities
nile,nileds,niling,nileism,niles,niled
annuitied,annuities,annuityes,annuitys,annuity
pork,porkes,porked,porkal,porkor,porkly,porks,porkion,porking,porkity,porkker,porkeds,porkeer,porkness
how,hows,howings,howizer,howlies,howness,howizers,howwible,howly,howic,howed,hower,howes,howal,howor,howors,howity,howism,howing,howers,howeer,howwal,howability,howliness
adoptioners,adoptioneer,adoptionism,adoptioning,adoptionisms,adoptioner,adoptiones,adoptional,adoptionor,adoptions,adoption
journals,journalization,journalal,journales,journaler,journaled,journalor,journally,journalizers,journalizing,journalizations,journalers,journaller,journalled,journaling,journalics,journalize,journal,journalations,journalable,journalized,journalizer,journalizes,journalings,journalling,journallers,journalness
civillization,civillizations,civil,civilations,civilation,civillized,civilally,civilings,civilions,civilness,civiller,civilism,civiling,civilion,civilial,civilor,civiles,civiler,civiled,civils
hotelable,hotelence,hotelling,hotellies,hotellers,hotelic,hoteled,hoteler,hoteles,hotelal,hotelor,hotelly,hotel,hotelation,hotellings,hotels,hotelers,hotelism,hotelity,hoteling,hotelion,hotellor,hotelled,hoteller
nationals,nationalals,nationaling,nationallys,nationalality,nationaliving,nationallized,national,nationalable,nationallied,nationalness,nationaler,nationales,nationalal,nationalor,nationally,nationalalities
term,termically,termability,termations,termation,termerity,termially,termicity,termities,termally,termable,termeers,termings,termical,termials,termlies,termness,termming,terming,termial,termics,termize,termion,termism,termity,termmal,termlys,termals,termeer,termers,termors,termor,termic,termly,termes,termer,termed,termal
weddingor,weddinged,weddinger,weddinges,weddingers,weddinging,weddings,wedding,weddingness
a,aity,aism,aitys,aisms,aness,aismings,aities,anessed
websiting,websiteds,websitely,websited,websites,website,websitings
miniation,miniative,mini,miniizing,miniorities,miniority,miniations,minis,minially,miniized,miniment,minieor,miniers,minieer,miniors,miniize,miniion,miniing,minior,minily,miniic,minier,minial
job,jobs,jobly,jobor,jobal,jobed,jobes,jober,jobic,jobable,jobical,jobings,jobness,jobers,jobbal,jobbed,jobals,jobbor,jobors,jobing,jobism,jobity,jobial,jobations,jobability,jobliness,jobation
cj,cjly,cjity,cjisms,cjness,cjities
adobe,adobably,adobable,adobor,adober,adobes,adobed,adobeor,adobeisms,adobeized
rightable,rightings,rightisms,rightives,rightness,rightting,right,righted,rightes,righter,rightal,rightor,righters,righting,rightism,rightive,rightiving,righttable
food,foodliness,fooded,foodal,foodes,fooder,foodly,foodor,foods,foodable,foodings,foodized,foodizer,foodisms,foodness,foodors,foodism,foodity,fooding,fooders,foodically,foodables,foodities,foodizing
the,thority,thal,thes,ther,thor,theability,theabled,theables,theality,theities,theiveds,theively,theiving,thements,theority,therness,thorness,thals,theor,thers,theal,thely,thize,thity,thive,thion,thors,thorities,theivings,thancies,thations,thable,thably,thally,thance,theors,thelys,theals,theeer,theize,theive,theity,thible,thized,thions,thitys,thives,thived,theallies,theallied,theabilities,thabled,thables,thallys,thality,thances,thanced,thation,theable,theally,theives,theived,theizes,theical,theible,thelied,thelies,theness,thement,thibled,thibles,thitied,thities,thiving,thizing
ct,ctly,ctities,ctity
saly,sale,salation,salement,salences,saliness,salization,salor,salys,salal,saled,saler,salic,salals,salers,saleor,saleic,saleds,saleed,saleer,salees,saleal,salize,sality,salive,salics,saling,salion,salied,salies,salors,salance,salancy,salency,salence,saleeer,saleing,salical,salizer,salions,salings,salives,salived,saliveness
blue,blueally,blueable,blueence,blueisms,blueings,blueness,bluement,bluelies,blueiving,bluor,bluer,blued,blueliness,bluize,bluors,bluely,blueor,blueds,blueed,blueal,blueer,bluees,bluing,bluers,bluance,bluelys,blueity,blueize,blueing,blueion,blueism,bluings
afghaners,afghanism,afghaning,afghanize,afghanistanlied,afghanistanism,afghanistans,afghanal,afghanic,afghaner,afghanes,afghaned,afghanistan,afghanized,afghanness,afghan,afghanization,afghans
thankiving,thank,thankals,thanking,thankkal,thankers,thankor,thanker,thankes,thanked,thankly,thankal,thankably,thankable,thankings,thankisms,thankking,thanklies,thankness
information,informations,informationality,informationation,informationative,informationers,informationals,informationnal,informationial,informationing,informationion,informationism,informationive,informationize,informationizing,informationallied,informationor,informationed,informationer,informationes,informational,informationization,informationability,informationable,informationally,informationence,informationings,informationized
interviews,interviewor,interviewal,interviewer,interviewes,interviewed,interviewability,interviewables,interviewancy,interviewable,intervieweers,interviewings,interviewions,interviewness,interview,interviewers,intervieweds,intervieweer,interviewize,interviewing
volvoism,volvoness,volvo,volvos
appraisals,appraisal,appraisalers,appraisalor,appraisaled,appraisales
instruction,instructionability,instructionnal,instructioning,instructionism,instructioneds,instructionals,instructionor,instructional,instructiones,instructioned,instructionality,instructionally,instructionlies,instructions
kiwi,kiwis,kiwial,kiwier,kiwior,kiwiable,kiwially,kiwiisms
heartattack,heartattacks
arkansasable,arkansas,arkansasallied,arkansassal,arkansases,arkansaser
languageible,languagences,languageness,languaging,languageor,languagers,languagees,languageer,languagely,languageative,languageiving,languageing,languagings,languages,languager,languaged,languagal,language
bowflex,bowflexs
lipomas,lipoma
club,clubability,clubbible,clubbings,clubism,clubers,clubion,clubing,clubbal,clubber,clubbed,clubeer,clubs,clubable,clubbers,clubbing,clubings,clublied,clubness,clubor,clubic,clubal,clubed,cluber,clubes
highway,highwayers,highwaying,highwaies,highwayor,highwayes,highwayed,highways,highwayness
programically,programmibility,programeer,programics,programity,programism,programing,programize,programmed,programmal,programations,programs,programed,programes,programic,programor,programly,programal,programibility,programmables,programmabled,programmability,programables,programation,programancy,programable,programably,programeers,programence,programible,programical,programives,programings,programized,programming,programment,programness,programmable,programmably,programmizer,programmible,programmings,program,programization,programability,programmabilities
ralph,ralphs,ralphisms,ralphings,ralphing
test,testibility,testicalities,tests,testables,testicals,testitied,testments,testtable,testeer,testeds,testive,testion,testing,testity,testial,testors,testted,testter,testably,testable,testeers,testible,testical,testings,testions,testment,testting,testters,testly,testor,tested,testes,testal,testability,testtables
owen,owenism,owenities,owenly,owens
shadeing,shadeism,shadeeds,shadions,shade,shader,shaded,shadion,shadeds,shadeed,shadees,shadely,shaders
pay,paic,pays,pailies,painess,payance,payence,payings,payions,payizes,paylies,payness,payiving,paical,paiers,paying,payize,payive,payors,payals,payeer,paies,paier,paics,paied,paior,paily,payor,payal,payes,payed,payic
gps,gpsly
djs,djslys,djsly
walker,walkers,walkered,walkeres,walkerer,walkeral,walkerly,walkerism,walkerion,walkering,walkerred,walkerally,walkerisms,walkerings
er,erly,erisms,erlies,erlied,erness,erism,erlys
imclones,imclone
beatled,beatles,beatility,beatleisms,beatle,beatlely,beatleds
partsor,partses,partsal,partsation,partsially,partsiving,partsable,parts,partsics,partsize,partsing
vine,vineness,vinicity,vinition,vinities,viner,vines,vinic,vinal,vined,vinations,vinable,vinally,vinance,vineers,vinence,vineing,vinions,vinings,vinicities,vinals,viners,vinely,vineal,vineer,vinees,vineed,vinion,vinity,vining,vinics
childization,childers,childize,childion,childing,child,childance,childizes,childisms,childings,childness,childes,childer,childed,childic,childor,childly,childliness,childs
incomeness,incomed,incomes,incomer,incomor,incomic,incomers,incomeor,incomees,incomics,incomity,income,incomeing,incomible
fig,figs,figiveness,figals,figors,figged,figger,figing,figity,figive,figers,figes,figer,figal,figor,figly,figic,figgings,figance,figgers,figging,figives,figisms,figness
unitedness,unitedations,uniteding,uniteddal,united,unitedor,unitedly,unitedes,uniteder,uniteded,uniteds
youngs,younges,younged,youngal,youngor,youngly,young,youngors,youngeer,youngger,younggal,youngive,younging,youngable,youngally,youngings,youngisms,youngness
regionalize,regionalism,regionality,regionaller,regionals,regionalizations,regionalized,regionalizes,regionalisms,regionallied,regionalment,regional,regionales,regionaler,regionally,regionaled,regionalal,regionalization,regionalities,regionalizers,regionalizing
pocono,poconos
fl,flly,fllies,flism,flity
atari,ataris
for,fors,foriveness,forlys,fority,forive,forism,foreer,foreor,forals,forors,forror,forral,forred,forrer,foror,forly,foral,forable,forally,forives,forlies,forness,forment,forrers,forrals,forring,formenting,foriving,formently,forments,forority,forrible,forrings
indianess,india,indias
statesabilities,statesness,statesment,statessing,statesers,statesity,statesism,statesing,statesize,statesallies,states,statesments,stateses,statesed,stateser,statesly,statesor,statesal,statesability
breedder,breedeer,breededs,breedism,breedable,breedding,breedeers,breedders,breedness,breedables,breed,breedal,breedes,breeded,breedor,breedability,breeds
get,gets,gettableness,gettability,getability,geters,getics,getals,getter,gettal,getted,gettor,getity,getive,geting,getion,getor,getly,getic,geter,getes,geted,getal,getables,getabled,getation,gettable,gettings,gettabled,gettables,getabilities,getally,getable,getence,gettors,getting,getters
squamous,squamously,squamousness
sign,signities,signments,signnings,signable,signance,signical,signials,signings,signions,signizer,signized,signment,signness,signners,signning,signmently,signs,signization,signability,signmenting,signes,signed,signic,signly,signeer,signeds,signeor,signnal,signned,signion,signing,signity,signism,signize,signial,signatives,signations,signables,signances,signative,signation
von,vons,vonisms,vonness,vonly,vonity
rate,rably,rable,ratic,rater,rates,rated,rible,ratations,rabled,rables,rateal,rateed,rateds,ratees,rately,raters,ratics,ribles,ribled,ratation,rateence,rateings,ratement,rateness,rablies,ratance,rateism,rateing,rateion,rateeer,rability,rabilities,rateiving
ellipticism,ellipticity,ellipticize,ellipticial,ellipticals,ellipticcal,ellipticalness,ellipticed,elliptical,ellipticor,ellipticly,elliptic,ellipticality,elliptically,ellipticisms,ellipticized,ellipticities,ellipticizing,elliptics
trainallied,trained,traines,trainer,trainic,trainor,trainly,trainization,trainability,trainable,trainably,traineers,trainment,trainners,trainning,train,trainables,trainiving,trainments,trainnings,traineds,traineer,trainers,trainism,trainity,trainors,trainner,trainned,trains,trainibility,trainableness
companyable,companyallied,company,companior,companied,companies,companier,companics,companyor,companyly,companyer,companyes,companyal,companic,companys,companiers,companieds,companiors,companyity,companying,companyism
satellite,satellitization,satellital,satellites,satelliter,satellited,satellitic,satellitics,satelliting,satellitors,satelliters,satelliteor,satelliteds,satellitees,satelliteers,satelliteing,satellitical
willebrand,willebrands
ridgement,ridgelys,ridgings,ridge,ridgers,ridgely,ridgeor,ridgeds,ridgees,ridgity,ridgion,ridging,ridges,ridger,ridged
sit,sits,sitivities,sitly,sitor,sital,sitability,sitables,sitively,sitiving,sitivity,sitizing,sittable,sitism,sitive,sitial,sitors,sittal,sitted,sittor,siteer,siteor,sitable,sitably,siteers,sitical,sitible,sitizes,sitizer,sitives,sitness,sittability
starbucks,starbucking,starbuck
livinging,livingly,livinged,livinger,livingor,livingence,livinglies,livingness,livingiving,livings,living
lymphomas,lymphoma
rick,rickable,rickence,rickkers,rickking,rickness,ricks,rickeds,rickers,rickity,ricking,rickal,ricker,rickes,ricked,rickic,rickly,rickor
unc,uncs,uncitied,uncities,uncity,uncing
rice,rications,ricative,rication,riceived,riceives,ricences,riceness,ricibility,rical,rices,ricer,riced,ricic,ricor,ricable,rically,ricance,riceive,riceing,ricence,ricized,ricors,ricals,riceal,riceer,ricees,riceed,riceds,riceor,ricely,ricers,ricion,ricing,ricive,ricity,riceiving,ricability
gs,gsly
tangiblizing,tangibleor,tangiblity,tangibilities,tangibility,tangibler,tangibles,tangibly,tangible,tangiblement,tangibleness
servicibility,servicableness,servicer,services,serviced,servicor,servical,serviceal,serviceer,servicees,serviceds,serviceed,serviceor,servicely,servicers,servicals,servicors,servicion,servicing,servicity,service,servicably,servicable,serviceion,serviceing,serviceity,serviceive,serviceial,serviceers,servicence,servicible,servicings,servicions,servicized,servicization,servicability,serviceally,serviceence,serviceical,serviceness,servicement,servicizing
iron,ironables,ironially,ironizing,ironments,ironizations,ironor,ironly,ironed,irones,ironer,ironal,ironers,ironeer,ironned,ironize,ironion,ironity,ironism,ironally,ironable,ironized,ironizes,ironizer,ironions,ironment,ironning,ironness,ironization,ironability
skeet,skeeting,skeeteer,skeeters,skeetter,skeets,skeetor,skeetly,skeeted,skeetes,skeeter,skeetal
family,familyiving,famililies,familiness,familiers,familieds,familical,familior,familied,familily,families,familier,familyor,familyal,familyed,familyes,familyer,familyive,familyism,familying,familys,familic,familyally,familyence,familyness
presidentation,presidentally,presidentency,presidentical,presidentness,presidentallied,presidental,presidentes,presidenter,presidented,presidentor,presidently,president,presidents,presidenters,presidentals,presidenting,presidention
pocketor,pocketer,pocketes,pocketed,pocketable,pocketeers,pocketings,pocketized,pocketness,pocketting,pocketters,pocket,pockets,pocketability,pocketize,pocketism,pocketing,pocketeer,pocketers,pocketted,pocketables,pockettable
colleging,collegion,collegeds,collegeed,collegeal,collegees,collegeer,collegeor,collegers,collegality,collegeions,collegations,collegeals,collegeial,collegeity,collegical,collegions,college,collegic,collegor,collegal,colleges,colleger,colleged,collegeality
educationly,educationor,educationer,educationes,educationed,educationancy,educationment,educationnals,educations,educationability,educationation,educationizers,educationnable,educationive,educationial,educationism,educationing,educationion,educationers,educationeds,educationors,educationnal,education
brotherliness,brotheral,brotheres,brotherer,brothered,brotherly,brotheror,brotherlyness,brotherization,brotherment,brotherness,brotherred,brotherers,brotherism,brothering,brotherments,brothers,brother
channelings,channelizer,channelizes,channelized,channelling,channellize,channellers,channellors,channelization,channelizations,channels,channelor,channelal,channeled,channeler,channeles,channelizing,channelizers,channellized,channellings,channelments,channel,channelers,channelive,channelism,channelion,channelize,channeling,channelors,channelled,channeller,channellor
hp,hply,hpity,hpism,hplys
americalies,americaners,americaness,americaneer,americanner,americanned,americanity,americaly,americans,americanally,americaneers,americanible,americanness,americanal,americaned,americaner,americanes,americanic,americanly,americanor,americaism,american,americas,americanallies,americanative,americanicity,americanities,americannized,america
euclid,euclids,euclidity,euclidism
dmv,dmvs,dmvly
ocd,ocds,ocdism,ocding,ocdness
propertiers,propertiors,propertying,propertyism,property,propertys,propertic,propertyes,propertyer,propertyed,propertyor,propertyly,propertics,properties,propertier,propertior,propertyived,propertyized
frenchizes,frenchized,frenchings,frenchisms,frenchness,frenchment,francances,francement,francancy,francelys,francence,francions,france,francy,french,frencher,frenches,frenched,frenchor,frenchly,frenchic,frenchize,frenchism,frenchion,frenching,frenchers,franced,francer,francys,francic,frenchs,frenchization,francees,francely,francers,franceds,franceed,francing,francion,francics,francies
fractural,fractured,fractures,fracturer,fracturization,fracturability,fracturing,fractureed,fracturees,fracturers,fractureor,fracturations,fracturation,fracturable,fractureing,fracturings,fracture
africaneers,africanisms,africanized,africanizes,africanness,africaness,africaners,africanism,africanity,africanize,africanicities,africans,africanes,africaner,africanly,africanic,africanor,africanations,africa,africanization,africanative,africanicity,africanities,africanizing,africanizations,african,africas
plateability,plation,plative,platics,plateed,plateds,platees,platers,plately,plateor,platements,platal,plator,plater,plates,plated,platic,plable,plible,plate,platables,platative,platation,plateable,plateally,platement,platicism,platicity,plability,platically,platicness,platability,platations,platable,platence,plateing,plations,platicly
in,inly,initied,inities,inity,inism,innessed,initys,inisms,inlied,inlies,inness
lowerance,lowerable,lowerence,lowerized,lowerings,lowerness,lowerring,lowerers,lowerize,lowering,lowerred,lowerly,loweror,lowered,loweres,lowerer,lowerability,lower,loweration,lowers
neil,neilly,neils,neilism
dnr,dnrs
is,isity,isism,isisms,isness
angularisms,angularizes,angularized,angularness,angulares,angulared,angularer,angularly,angularities,angularize,angularity,angularism,angular,angulars,angularization
systeming,systemion,systemism,systemive,systemity,systemize,systemals,systemeor,systemers,systemative,systemation,systemiving,systemizers,systemizing,systemor,systemly,systemed,systemer,systemes,systemal,systemable,systemions,systemizes,systemizer,systemized,systemlies,systemming,systemment,systemness,systems,system,systemization,systemability,systemizations
atypicaliving,atypicalities,atypicalness,atypicality,atypically,atypicals,atypicity,atypics,atypical,atypic
dog,dogger,doggor,dogism,doging,dogive,dogals,dogor,dogly,doged,dogal,dogality,doggable,doggings,dogities,dogallied,dogalities,dogliness,dogally,dogable,doggers,dogging,dogisms,dogness
city,citically,citicisms,citys,citic,cityallied,citicity,citicism,citiness,cityisms,citylies,cityness,citication,cityation,citiers,citieds,citical,cityers,citying,cityive,cityism,citior,cities,citier,citied,citics,cityor,cityly,cityal,cityed,cityes,cityer
bags,bagsize,bagsing,bagsor,bagsly,bagsal,bagsic,bagsed,bagser,bagses
obamas,obama,obamaism,obamaisms,obamalies,obamalied,obamaness,obamaly
stampables,stamp,stampability,stampable,stampings,stampness,stampping,stamppals,stamps,stampabilities,stampers,stampeds,stampity,stamping,stampion,stampism,stampics,stampped,stamppal,stampor,stamply,stampic,stamped,stamper,stampes
air,airically,airations,airable,airally,airials,airived,airizer,airions,airment,airlied,airlies,airness,airrors,airring,airor,airly,aired,airer,airal,airliness,airation,airially,airments,airrally,airrings,airability,airize,airity,airism,airion,airial,airors,airers,aireor,aireds,airred,airrer,airror
cell,cellation,cellerity,cells,cellers,celleer,cellity,cellism,celling,cellion,cellial,cellics,cellled,celller,cellations,cellency,cellence,cellings,cellions,cellling,cellness,cellability,cellly,celles,celled,celler,cellic,cellal
raffleer,rafflees,rafflers,raffleor,raffling,raffle,raffly,rafflor,raffles,raffler,raffled,raffleing,rafflings,rafflement
librarics,libraries,librarier,libraried,librarily,libraryal,libraryes,libraryic,libraryor,librarys,libraric,library,libraryizing,librariness,libraryness,librarieds,librariers,librarying
creek,creekkings,creekized,creekers,creekkal,creeking,creekor,creekly,creeked,creeker,creekes,creeks
electronicing,electronicism,electronicity,electronicize,electronicals,electronicization,electronicly,electronicor,electronices,electronicer,electroniced,electronicic,electronical,electronications,electronic,electronication,electroniccally,electronicially,electronicizing,electronically,electronicisms,electronicized,electronicness
clearance,clearanced,clearances,clearancer,clearancees,clearancies,clearancing,clearanceability
man,mans,manable,manally,maneers,manible,manials,manized,manizer,manisms,manings,manment,manness,mannals,mannors,manning,manivelies,manal,maned,manality,manities,manizing,mannable,mannally,mannings,mannessed,manization,manability,manize,manity,manive,manism,maning,manial,maneor,maneer,manals,mannor,mannal
flusher,flushes,flushly,flushers,flushing,flushs,flushibility,flush,flushables,flushability,flushable,flushible,flushings,flushness
map,maps,mapable,mapings,mapness,mappers,mapor,mapal,maped,maper,mapes,mapic,mappable,mapability,mappability,mapped,mapper,mappal,mapism,maping,mapion,mapics,mapers,mapeer,mapals
questionality,questional,questionly,questionic,questioned,questiones,questionor,questionnable,questionnings,questionally,questioneers,questions,questionized,questionible,questionning,questionners,questionnables,questioneer,questioneds,questionner,questionned,questionize,question
storesing,storesive,storesize,storesor,storesal,storesed,storessizes,stores
healthers,healthize,healthism,healthion,healthing,healthability,healthable,healthical,healthized,healthness,healthallies,healthallied,health,healthor,healthly,healther,healthes,healthed,healthality,healthation,healthhings,healths
cheapings,cheaplied,cheapment,cheapness,cheaperness,cheap,cheapics,cheapize,cheapism,cheapity,cheaping,cheapper,cheapers,cheapeer,cheapes,cheaper,cheaped,cheapic,cheaply,cheapor,cheaps
pacificcal,pacificers,pacificial,pacificity,pacificism,pacifically,pacificable,pacificisms,pacificness,pacification,pacificcable,pacifical,pacificed,pacificer,pacificic,pacificly,pacificor,pacifications,pacifics,pacific
septics,septicity,septicism,septic,septical,septices,septicer,septically
discoverys,discoveryor,discoveryes,discoveryer,discoveryed,discoveried,discoverics,discoveries,discoverier,discoveriers,discoverying,discovery
tenderloiner,tenderloined,tenderloins,tenderloin
washer,washering,washerred,washers,washered,washeres
reportability,reports,reportables,reportative,reportation,reportiving,reportively,reporttable,reportably,reportable,reportence,reportizer,reportives,reportings,reportting,reportters,reportor,reported,reportes,reportal,reportly,report,reportted,reportion,reporting,reportize,reportive,reportics,reportial,reportors,reportals,reporteer,reporteds,reportations
pamperations,pampers,pamperings,pamperring,pamper,pamperers,pampering,pamperize,pamperred,pamperly,pamperer,pamperes,pampered
kenmores,kenmore
movementality,movementation,movementations,movement,movementtable,movementives,movementical,movementness,movementment,movementism,movementize,movemental,movementer,movementes,movemented,movementor
returnation,return,returneds,returners,returning,returnity,returnned,returnes,returner,returned,returnal,returnor,returnly,returnence,returnible,returnings,returnment,returnning
franchisal,franchisor,franchises,franchiser,franchised,franchise,franchisability,franchisable,franchiseers,franchiseing,franchisings,franchising,franchisees,franchisely,franchiseds,franchiseed,franchisers,franchisors,franchisibility,franchiseability,franchisation,franchiseable,franchisement
trombones,tromboner,tromboned,trombone,tromboning,tromboneal,tromboners,tromboneliness
casinor,casinos,casinoed,casinoes,casinoer,casinoal,casinoor,casinoization,casinoation,casino,casinoism,casinoing
vldl,vldls
missouri,missouris
diet,dietation,dieted,dietes,dieter,dietal,dietly,dietor,dietic,dietivity,dietizing,dietter,dieteer,dieters,dietics,dietion,dieting,dietize,dietism,dietization,diets,dietance,dietable,dietized,dietions,dietings,dietical,dietting,dietically
that,thaterness,thats,thativing,thattable,thattings,thatically,thatency,thatible,thatives,thatings,thatlies,thatness,thatting,thatters,thator,thatly,thatic,thates,thater,thated,thatal,thatability,thatter,thatted,thaters,thatism,thative,thatity,thating
high,highability,highs,highive,highing,highion,highher,higheer,highor,highes,highed,highment
stripability,stripable,strippors,stripping,strippeds,strippable,strippings,strip,strippability,strips,strippor,stripped,stripeer,stripor,striply
uss,ussed,ussly,ussing,ussity
reviewed,reviewal,reviewes,reviewor,reviewables,reviews,reviewability,review,revieweer,revieweds,reviewals,reviewing,reviewwer,reviewwed,reviewable,reviewence,reviewings,reviewlied,reviewwing
stewartisms,stewartness,stewarts,stewartism,stewarting,stewart
employerism,employer,employerment,employered,employerer,employeres,employeror,employers
creditations,creditibility,crediteer,crediters,creditals,creditial,credition,crediting,creditism,creditted,credittor,credital,creditic,crediter,credites,credited,creditly,credits,creditative,creditation,creditions,creditings,creditible,creditials,creditting,credittors,credit
las,lasly,laslies,lasity
borders,borderabilities,borderability,borderize,borderive,borderism,borderion,bordering,borderred,borderal,bordered,borderes,borderly,borderor,borderizations,borderable,borderions,borderings,borderisms,borderness,borderliness,border
all,alls,allal,allor,allly,alles,aller,alled,allization,allance,allable,allence,allible,allived,allives,allizer,allizes,allions,allings,allisms,allment,alllors,alllied,alllies,allness,allables,allanced,allances,allative,allation,allive,allity,allism,alling,allion,allial,allers,alllor,allled,alller,alllal,allize,alleer,alleds,allals,allors,allities,alliving,allments,allabilities,allallies,allallied,allatives,allations,allibility
mo,moness,moism,moity,moities,monessing
downsizings,downsize,downsing,downsizers,downsizing,downs,downses,downser,downsed,downsor,downsings,downsizes,downsizer,downsized
coin,coination,coinable,coinance,coineers,coinings,coinical,coinning,coinness,coins,coinned,coinnor,coinics,coining,coinism,coiners,coinization,coinability,coinor,coinic,coinly,coinal,coines,coiner,coined
pokerization,pokerability,pokers,poker,pokerance,pokerable,pokerings,pokerizer,pokerized,pokerness,pokerring,pokerreds,pokeral,pokeres,pokerer,pokered,pokeric,pokericities,pokericity,pokerallied,pokerers,pokerize,pokerics,pokerism,pokerion,pokering,pokerred
heateration,heater,heateres,heaterer,heatered,heatering,heaters
moth,mothal,mothes,mothed,mothic,mothor,mothly,moths,motheers,mothings,mothions,mothhers,mothors,motheds,motheer,mothing,mothion,mothive,mothher
pressuring,pressurees,pressureor,pressurers,pressure,pressuration,pressureence,pressureized,pressurements,pressurable,pressureize,pressureing,pressurer,pressures,pressured,pressural
margarine,margarinal,margarined,margarines
hearticals,heart,hearts,heartnessed,heartence,heartical,heartings,heartions,heartlies,heartness,heartted,heartism,heartion,heartive,heartial,hearting,hearters,hearteds,heartically,heartly,heartor,hearted,heartes,hearter,heartal
uranuses,uranus
sore,soration,soreness,sorition,sorities,sored,sorer,sores,soral,soror,soric,soreority,sorance,soreity,soreing,sorence,sorency,soritys,sorized,sorical,sorings,sorals,soreds,sorees,soreal,sorers,soring,sorion,sorive,sorize,sority,sorors
lake,lakal,laked,lakes,laker,lakic,lakor,lakative,lakelies,lakeness,lakeing,lakeers,lakings,lakors,lakics,laking,lakion,lakers,lakeor,lakely,lakeic,lakeds,lakeer,lakees
heat,heats,heatability,heatic,heatly,heator,heatal,heates,heatable,heatence,heateers,heatness,heatment,heatting,heatters,heateer,heatted,heatter,heation,heatity,heators,heatlys
marthas,marthaness,marthaly,martha
asbestoses,asbestos
arizona,arizonas,arizonaness
universityives,universitiers,universityeds,university,universitier,universities,universitied,universitics,universityor,universityic,universityer,universityes,universityed,universityal,universitys
phoneability,phonality,phonation,phoneable,phonally,phonable,phoneing,phonions,phonor,phonal,phoned,phoner,phones,phone,phonors,phoning,phoners,phoneed,phonees,phoneds,phoneor,phonely,phonations
best,besttables,bestallies,besters,bestals,bestter,bestors,besting,bestion,bestics,bestism,bestive,bestize,bestliness,bests,bestality,bestation,bestal,bested,bester,bestes,bestic,bestly,bestor,bestiving,bestments,bestance,bestally,bestable,bestions,bestings,bestlies,bestness,bestting,besttable,bestivities
ron,rons,ronisms,ronness,ronly,ronlys,ronism,ronity
and,ands,andability,andmenting,andically,andabilities,andly,andor,andic,anded,ander,andal,andallied,andallies,andations,andanced,andation,andative,anderity,andiving,andities,andments,andliness,andmently,andeor,andeer,andeds,anddor,anders,andded,andder,anddal,andive,andity,andion,anding,andics,andial,andize,andals,andors,andable,andance,andding,andence,andeers,andials,andical,andized,andions,andings,andives,andment,andlies,andness,anderness
design,designned,designner,designnal,designors,designeds,designeer,designism,designity,designize,designabilities,designables,designality,designities,designiving,designizing,designments,designability,designor,designic,designly,designal,designed,designes,designable,designeers,designical,designized,designisms,designment,designning,designners,designness,designallied
of,ofly,ofisms,oflies,ofness,ofities,ofity
men,mens,menically,menations,menor,menal,mened,menes,mener,menic,menly,menable,menance,menally,meneers,menence,menions,menings,menical,menizes,menlied,menment,mennors,menning,menness,menners,menabled,menances,menanced,menality,menation,menicity,menities,meniving,mennings,menority,menability,menabilities,menals,menors,mennor,menner,menned,mennal,menize,menive,menity,menism,mening,menion,menics,meners,meneor,meneds,meneer
smokinged,smokinger,smokingly,smokingor,smokings,smoking,smokingism,smokingings
universallization,universalizations,universalization,universal,universalities,universalizers,universalizing,universals,universalizes,universalizer,universalisms,universalment,universalness,universalled,universaller,universaling,universalism,universality,universalize,universalibility,universalor,universaler,universales
on,onness,onism
keyboardder,keyboarders,keyboarding,keyboardism,keyboards,keyboardor,keyboardes,keyboarder,keyboarded,keyboardly,keyboardability,keyboardable,keyboardings,keyboardisms,keyboardness,keyboard
or,orisms,orness,orism
sportsisms,sportsment,sportssize,sportssability,sportsed,sportses,sportser,sportsor,sportsly,sportsal,sportsers,sportsing,sportsism,sports,sportsability
raise,raisable,raiseeds,raiseing,raisings,raisions,raisal,raised,raiser,raises,raisor,raising,raision,raisers,raiseds,raiseed,raiseer,raisees,raisors,raisables,raiseable
sherwoodness,sherwoods,sherwood
koreans,koreanisms,koreanized,koreanness,koreanic,koreanly,koreaner,koreaness,koreaners,koreanize,koreanism,koreaning,korea,koreas,korean,koreanization
orangeality,orangements,orange,orangeed,orangees,orangeer,orangeds,orangers,orangeor,orangely,orangics,oranging,orangize,orangor,orangic,oranger,oranges,oranged,orangal,orangeism,orangized,orangizer,orangization,orangizations,orangeally,orangeness,orangement,orangizers,orangizing
phoenixs,phoenixic,phoenixes,phoenixer,phoenixed,phoenixal,phoenixing,phoenixion,phoenixism,phoenixity,phoenixers,phoenixness,phoenix
paintingal,paintinged,paintinger,paintinges,paintingings,painting,paintings
hummingbird,hummingbirded,hummingbirds,hummingbirding,hummingbirders,hummingbirdness
onlines,onlined,online,onlining,onlineds,onlineness
sonomas,sonoma
fencor,fencic,fenced,fences,fencal,fencys,fencable,fenceing,fencible,fency,fence,fencive,fencies,fenceed,fencees,fenceds,fenceor,fenceable,fencement,fencibles,fencyness,fenceiving
wall,walles,waller,walled,wallal,wallly,wallic,wallor,wallled,walller,wallers,walleds,walleer,wallity,wallive,wallism,wallize,wallion,walling,wallably,wallable,wallance,wallence,wallisms,wallings,wallions,wallizer,wallling,wallness,walls,wallables,wallibles,wallablies
ps,psly,psness,psity,psism
jointability,jointables,jointance,jointable,jointives,jointings,jointness,jointment,jointlies,joint,jointes,jointer,jointed,jointly,jointor,joints,jointive,jointism,jointing,jointers
countiers,countying,countyers,countyallied,countyness,countys,countic,countyer,countyes,countyal,countyor,countied,countier,counties,county
mgb,mgbs
mountainization,mountainical,mountainized,mountainness,mountainners,mountain,mountainity,mountainize,mountaining,mountainism,mountainers,mountainner,mountains,mountainor,mountainly,mountained,mountainer,mountaines
prep,prepations,prepative,prepation,prepance,prepence,preplied,preplies,preppers,prepping,preper,prepes,preped,prepal,prepor,prepic,preply,preps,prepped,prepper,preping,prepers
statality,statation,statibility,stateable,stateence,stateions,stateness,statition,statively,stativity,statizing,stativeness,state,stater,stator,stated,statal,stible,statization,stibility,statability,statations,stateallies,statable,statally,stateers,stateism,stateing,stateion,statizes,statized,statings,statived,statives,statals,staters,stateor,stateds,statees,stateed,stateal,stateic,statize,stative,stating,stators,stibles,stateability
band,bandally,bandance,bandable,bandding,bandials,bandible,bandings,bandlied,bandment,bandness,bands,bandables,bandize,bandive,bandity,bandism,bandion,banding,bandial,bandals,banders,bandeer,bandeds,bandded,bandder,banded,bandes,bander,bandal,bandor,bandly,bandliness
resorts,resort,resortations,resortals,resorters,resorteer,resortism,resorting,resortable,resortized,resortings,resortlies,resortment,resortor,resorter,resortes,resorted,resortal,resortative,resortation
jax,jaxs,jaxly
uplifts,upliftments,uplifted,upliftes,uplifter,upliftance,upliftable,upliftings,upliftment,upliftting,uplift,uplifting,uplifters,uplifteer
old,olds,oldals,oldder,oldeor,olders,oldeds,oldeer,oldity,oldive,oldism,olding,oldability,oldor,oldal,olded,older,oldes,oldly,oldic,olderness,oldiving,oldable,oldence,oldings,oldisms,oldlies,oldness
mitchellisms,mitchellness,mitchelled,mitchelling,mitchells,mitchell
brook,brookers,brookeer,brooking,brookable,brookings,brookes,brooker,brooked,brookly,brooks
yellowstone,yellowstoning,yellowstoned,yellowstones
horsees,horseds,horseed,horsely,horsers,horseor,horsing,horsion,horsals,horsability,horse,horseability,horsal,horsed,horser,horses,horseize,horseics,horseing,horseism,horseable,horseally,horsement,horseness
toilettable,toiletization,toileteer,toileters,toiletted,toiletter,toileting,toiletism,toileteers,toiletness,toiletting,toiletters,toileted,toileter,toiletes,toiletor,toilets,toilet
carltons,carlton
alexians,alexian
animaled,animales,animaler,animalal,animally,animalor,animalic,animalallies,animalations,animalally,animalitys,animalized,animalizes,animalizer,animalness,animalics,animalion,animaling,animalize,animality,animalive,animalled,animalation,animalities,animalizers,animalizing,animalizations,animal,animalization,animals
iowa,iowas,iowaism,iowaity,iowaness
factallys,factality,factation,factative,fact,factically,facticity,factibles,factities,factivity,factizing,factal,factic,factly,factes,facter,facted,facts,factliness,factibility,facticities,factivities,factable,factance,factical,factible,factings,factized,factives,factness,factals,factive,factism,factics,factial,facting,facters,facteor,facteer,facttor
paneler,paneles,paneled,panelor,panelly,panels,panel,panelizer,panelizes,panelized,panellize,panelization,panelables,panelizing,panelizers,panellized,paneller,panelled,panelize,panelion,panelism,panelers
northwestness,northwests,northwest,northwested,northwestly,northwestor
jacksonville,jacksonvilles
illinoisances,illinoised,illinoiser,illinoises,illinoisor,illinois
sun,suns,sunable,sunally,sunance,sunical,sunings,sunisms,sunions,sunning,sunneds,sunners,sunness,suned,sunes,suner,sunal,sunly,sunic,sunor,sunation,sunnings,sunals,suneer,suners,suneor,sunity,sunism,sunion,suning,sunize,sunive,sunics,sunnor,sunors,sunned,sunner,sunnal
scooter,scooters,scooterred,scooterism,scootering,scooterers,scooterized,scooterisms,scooterring,scootered,scooterer,scooteres,scooterly
longations,long,longliness,longlyness,longable,longging,longions,longived,longives,longness,longment,longativity,longals,longeer,longive,longism,longion,longlys,longged,longger,longers,longial,longgor,longs,longation,longivity,longic,longed,longes,longer,longly,longor,longal
sc,scly,scities,scism,scity,scisms,sclied
currents,current,currentally,currentence,currenteers,currentlies,currentness,currental,currenter,currentes,currented,currentor,currently,currentation,currentments,currenttable,currentism,currentity,currenting,currention,currenters,currentlys
diversityment,diversitys,diversities,diversitied,diversityor,diversityed,diversityes,diversity,diversitying
voyagers,voyager,voyagerism,voyagerer,voyageror
sf,sfly,sfism,sfness
are,aral,arer,aric,aror,arances,arancys,arative,aration,areable,areance,areancy,areally,areions,areives,areials,arelied,arenced,arences,areness,arement,aricals,arition,arities,ariving,arizing,arizers,aritions,arizings,arals,areed,areal,arers,areor,arely,areer,arees,areic,arics,arize,arive,arity,arion,arors,arations,aratively,arization,areations,arancy,arance,arally,areals,areers,areeds,areors,areial,areize,areive,areity,areism,areion,areing,arelys,arency,arence,arions,arical,arible,aritys,arives,arived,arizes,arizer,arized,areality,areative,areation,areiving,arements,arencies,arenessing
vanuatu,vanuatus
cemeteriness,cemetery,cemeterys,cemeteries,cemeteried,cemeteryal,cemeteryor,cemeteriers,cemeterying
cut,cuts,cutable,cuteers,cutible,cutical,cutings,cutisms,cutives,cutness,cutteds,cuttability,cuttables,cutables,cutibles,cuticals,cutively,cutal,cutor,cutly,cuted,cuttable,cutization,cutability,cutabilities,cuttor,cutted,cuteor,cuteer,cutism,cutive,cuting
art,artability,artiality,artically,arttables,artancy,artance,artably,artable,artency,artence,artials,artible,artical,artings,artions,artives,artived,artisms,artment,artlies,artness,artations,artal,artor,artly,arted,arter,artes,artables,artation,artially,articals,artibles,artities,artivity,artments,arttable,arttings,artivities,artlys,artize,artors,arteds,arteer,arteor,artals,artial,arting,artion,artism,artity,artive,arters,arttor,artter,arterities
blackers,blackial,blackics,blackive,blackity,blackism,blackize,black,blackization,blackability,blacks,blackic,blackes,blacker,blacked,blackal,blackor,blackality,blackicity,blackably,blackisms,blackking,blackness
storations,storeability,storabled,storables,storality,storation,storative,storeable,storement,storeness,storities,storable,storance,storeing,storency,storions,storings,store,storativity,storability,storer,stored,storal,storor,storativities,storeor,storers,storely,storeds,storeed,storeer,storees,storeal,storize,storion,storing
servicibility,servicableness,servicer,services,serviced,servicor,servical,serviceal,serviceer,servicees,serviceds,serviceed,serviceor,servicely,servicers,servicals,servicors,servicion,servicing,servicity,service,servicably,servicable,serviceion,serviceing,serviceity,serviceive,serviceial,serviceers,servicence,servicible,servicings,servicions,servicized,servicization,servicability,serviceally,serviceence,serviceical,serviceness,servicement,servicizing
flowers,flower,flowerized,flowerlies,flowerness,flowerring,flowerers,flowerism,flowerize,flowerion,flowerals,flowerred,floweral,floweres,flowerer,floweror,flowerly,flowerrings
inuyashas,inuyasha
wilsons,wilson,wilsonism,wilsonisms,wilsonly
fish,fishable,fishence,fishhing,fishisms,fishions,fishible,fishical,fishness,fishment,fishal,fished,fishes,fishly,fishor,fishs,fishables,fishability,fishlyness,fishhed,fishher,fisheer,fishity,fishism,fishion
tn,tnly
quit,quitably,quitable,quitings,quitives,quitness,quitment,quittors,quitting,quitize,quiteor,quiting,quitism,quitity,quitted,quittal,quittor,quited,quital,quitor,quitly,quitization,quitability,quitables,quittable,quittings
to,toly,tonessed,toism,tolys,toness,tolied,tolies
insurancance,insuranceive,insuranceing,insurance,insurancy,insuranceance,insuranceable,insurancor,insurancer,insurances,insuranced,insurancies,insurancing,insuranceer,insuranceor,insurancers,insuranceallied
tv,tvly,tvism,tvities,tvlies,tvness
medicalizations,medicalallied,medicalics,medicalize,medicality,medicalism,medicalive,medicalizers,medicalizing,medical,medicalization,medicals,medicalized,medicalizes,medicalical,medicalment,medicalness,medicalor,medically,medicaled,medicaler,medicales,medicalal
becominging,becomingness,becoming,becomings,becomingly
floridaness,florida,floridaity,floridas
sourcability,sources,sourcer,sourced,sourcing,sourceds,sourceer,sourcees,sourceor,sourcers,source,sourcable,sourcably,sourceals,sourceing,sourceeer,sourcings,sourceability,sourceally,sourceably,sourceable,sourceness,sourcities
schools,schoolor,schoolly,schoolal,schooler,schooles,schooled,schoolers,schoolism,schoolity,schoolive,schoolled,school,schoolable,schoolisms,schoolives,schoollies,schoolling,schoollers,schoolness,schoolization,schoolation
furniturees,furniturers,furnitureor,furnituring,furnitureables,furniturings,furniture,furnituror,furnitured,furnitures,furniturer,furnitural
yahooally,yahooizes,yahooized,yahooisms,yahoor,yahoos,yahoo,yahooization,yahooed,yahooer,yahooes,yahooly,yahooor,yahooers,yahooism,yahooing
lick,lickable,lickably,lickking,lickness,licks,lickables,lickeds,lickers,lickity,lickability,licked,lickes,licker,lickly,lickor,lickal
dogs,dogses,dogsed,dogsor,dogsiving,dogsabilities,dogsical,dogsized,dogsness,dogssize,dogsability
houseallied,housance,housable,houseism,houseing,housives,housicly,houseed,houseds,housees,houseal,houseor,housers,housely,housion,house,housements,housor,housed,houses,houser,housal,housativity,housation,houseives,houseisms,houseings,houselied,housement,houseness
california,californianisms,californias,californian,californianly,californiaism,californianative,californianatives,californianess,californianned,californianism,californianize,californianing,californians
shooterness,shootability,shootable,shootical,shootings,shootions,shootized,shootters,shootting,shoot,shoots,shootor,shootes,shooter,shootic,shootly,shooted,shootors,shootter,shooting,shootion,shooteer,shooters,shoottings
militaryism,militaries,militarily,militaryed,militaryly,militaryor,militarys,militaric,military,militariness
up,uply,upity,upism,upness
us,usly,usism,uslys,usness
budgetor,budgetly,budgeted,budgetes,budgeter,budgetal,budgettables,budgetizing,budgetable,budgeteers,budgetings,budgetizer,budgetized,budgetness,budgetting,budgeters,budgeteer,budgetize,budgetism,budgetive,budgeting,budgetics,budgetter,budgetted,budgets,budget,budgetization,budgetability
last,lastability,lasts,lastables,lastation,lastically,lasticism,lasticity,lastivity,lastable,lastance,lastally,lastness,lastment,lastting,lasttable,lastabilitys,lastibility,lastion,lastics,lastive,lasters,lastors,laster,lastes,lasted,lastal,lastor,lastic
paralegal,paralegality,paralegalism,paralegals
va,vaity,vaism,vaities,vanessed,vaitys,vaness
pro,pror,pros,proables,proation,proative,proiveds,proments,proority,proritys,proive,proism,proity,proing,proion,proeds,proers,proal,proes,proer,proed,proic,proor,prors,prorities,proativeness,proorities,proability,proabilities,proally,proable,proably,proency,proence,proized,proizer,proizes,proived,proives,proment,proness,prority,promently
laboratorically,laboratorics,laboratoried,laboratories,laboratorier,laboratoryal,laboratoryes,laboratoryer,laboratoryed,laboratoryor,laboratorical,laboratoryics,laboratorying,laboratorys,laboratoryallied,laboratory,laboratoryable
spaceability,space,spacation,spaceable,spaceence,spaceived,spaceings,spaceness,spacement,spaceallied,spacicity,spaceal,spaceds,spaceer,spacees,spaceed,spacely,spaceor,spacers,spacion,spacity,spacive,spacations,spacable,spacelys,spaceive,spaceing,spaceion,spaceial,spaceics,spacions,spacal,spacic,spaced,spaces,spacer,spacemently
designsallied,designsor,designsic,designsed,designser,designses,designssize,designsability,designs,designssally,designsize,designsing,designsers,designsals
support,supportance,supporteers,supportible,supportings,supportions,supportment,supportting,supportters,supportation,supportative,supporttings,supportatively,supportize,supportism,supportion,supporting,supporteer,supporteds,supportted,supportter,supportors,supports,supportations,supportes,supported,supportal,supportor,supportly
internetly,internet,internetisms,internetness,internetism,internetliness,internets
memoricity,memoryment,memorical,memoriers,memorieds,memoriors,memorying,memoric,memorys,memoryor,memoryal,memoryed,memoryes,memoryer,memorior,memorics,memoried,memories,memorier,memory
brazilianization,brazilianisms,brazilianized,brazilianizer,brazilianness,brazilianizers,brazilianizing,brazilian,brazilians,brazilness,brazilianed,brazilianes,brazilianly,brazils,brazilianers,brazilianity,brazilianize,brazilianing,brazilianism,brazil,brazilly
classerness,classal,classer,classes,classed,classor,classly,class,classization,classitieds,classsed,classors,classeer,classeds,classers,classial,classing,classion,classive,classism,classity,classables,classities,classitied,classally,classable,classizes,classized,classisms,classions,classings,classible,classness,classment,classsize
show,showabilities,shows,showal,showes,showed,showly,showor,showeer,showeds,showwed,showwer,showable,showeers,showness,showment,showwing,showwers,showability,showables
ritz,ritzs,ritzing
hoboken,hobokens
not,nots,notted,notter,nottor,noteer,noteor,notial,notism,notity,notive,notize,notors,notals,notibility,notal,notor,notly,noteority,notibles,notities,notiving,notority,notally,notible,notized,notizes,notives,notived,notness,notting,notters,nottable,nottible,nottings
charlestons,charlestoning,charlestoners,charlestones,charlestoned,charleston
poem,poemical,poemings,poemizer,poemness,poemed,poemer,poemes,poemor,poemic,poems,poemation,poemizing,poemism,poeming,poemmed,poemers
gas,gasments,gassable,gassings,gasings,gasment,gassing,gassers,gasics,gasial,gasing,gasion,gasers,gaseor,gaseer,gaseds,gassor,gassal,gassed,gasser,gasic,gases,gaser,gased,gasal,gasor,gasly
avp,avps
conventionable,conventioneers,conventionions,conventions,convention,conventionned,conventionnal,conventionion,conventioning,conventionism,conventionial,conventioneer,conventioners,conventionly,conventionor,conventioner,conventiones,conventioned,conventionnality
patrols,patrollies,patrolling,patrollers,patrolment,patrollable,patrollings,patrol,patrolal,patroled,patroler,patroles,patrolly,patrolor,patroller,patrolled,patroling,patrolers,patroleer
news,newsor,newsly,newsal,newser,newses,newsed,newsation,newssally,newsable,newsally,newsance,newsence,newsings,newsisms,newsical,newsment,newslies,newsness,newssing,newssize,newsability,newsically,newsser,newsers,newsing,newsity,newsize
pain,painion,paining,painism,painers,painal,painly,paines,painer,painic,painor,painable,painings,painning,painness,painners,paination
diseasal,diseaser,diseases,diseased,diseasements,diseaseive,disease,diseasement,diseasing,diseaseor,diseasers,diseasees,diseaseds,diseaseed
centeration,centerrings,centerally,centerance,centerable,centerence,centerings,centerions,centerized,centerizer,centerlied,centerness,centerring,centers,centerals,centerize,centerism,centerial,centerics,centerion,centering,centerers,centerred,centerral,centerization,centeric,centerly,centeror,centeral,centered,centeres,centerer,center
war,wars,wareds,wareer,wareor,warers,warors,warial,waring,warism,warity,warion,warrer,warred,warral,warror,warallied,warations,warance,warable,warence,warings,warisms,warives,warlies,warment,warness,warrers,warring,warrors,waror,warly,warer,wared,waral,wariving,warizing,warments,warrable,warrally,warrings
suppers,supperment,supperring,supper,supperer,supperes,suppered,supperor,suppering,supperion,supperers,supperative,supperation
bart,barts,bartisms,bartness,barting,bartism,bartly
fairgroundes,fairground,fairgrounds
equalance,equalancy,equalings,equallize,equalling,equalness,equalism,equaling,equalive,equaller,equalled,equals,equallization,equal,equalation,equaled,equales,equaler,equalor,equallable,equallized,equallizes,equallizer
cell,cellation,cellerity,cells,cellers,celleer,cellity,cellism,celling,cellion,cellial,cellics,cellled,celller,cellations,cellency,cellence,cellings,cellions,cellling,cellness,cellability,cellly,celles,celled,celler,cellic,cellal
hotelable,hotelence,hotelling,hotellies,hotellers,hotelic,hoteled,hoteler,hoteles,hotelal,hotelor,hotelly,hotel,hotelation,hotellings,hotels,hotelers,hotelism,hotelity,hoteling,hotelion,hotellor,hotelled,hoteller
battlementing,battleing,battlizer,battlized,battlings,battlions,battlation,battleizer,battlement,battleness,battlizers,battlion,battling,battlies,battlers,battleor,battlees,battleed,battleds,battled,battles,battler,battlor,battly,battle
flamable,flameing,flamence,flamible,flamables,flamation,flameable,flameness,flameed,flameds,flamees,flamers,flamely,flameor,flamity,flamion,flamors,flamability,flamal,flames,flamer,flamed,flamic,flamor,flamalitied,flame,flamibility
culpepers,culpeper
indiana,indianas
antennas,antennaing,antennaness,antennaor,antennaes,antennaer,antennaed,antenna
espn,espns,espning
danger,dangeral,dangerly,dangered,dangerer,dangeres,dangeror,dangerality,dangerizing,dangerization,dangers,dangerism,dangering,dangerics,dangerors,dangerred,dangerable,dangerings,dangerlies,dangerness
yorktown,yorktowns
brewsters,brewster
reachabled,reachables,reachal,reaches,reacher,reached,reachly,reachor,reachibility,reach,reachs,reachableness,reacheds,reachers,reaching,reachion,reachher,reachhed,reachably,reachable,reachions,reachings,reachment,reachness,reachability,reachabilities
programically,programmibility,programeer,programics,programity,programism,programing,programize,programmed,programmal,programations,programs,programed,programes,programic,programor,programly,programal,programibility,programmables,programmabled,programmability,programables,programation,programancy,programable,programably,programeers,programence,programible,programical,programives,programings,programized,programming,programment,programness,programmable,programmably,programmizer,programmible,programmings,program,programization,programability,programmabilities
cass,cassing,cassity,cassings,cassitys,cassness,cassed,cassly
ontarios,ontario
gamesor,gamesly,gamesal,gamesed,gameses,gameser,gamesic,games,gamesers,gamesize,gamesing,gamesallys,gamesation,gamesizing,gamesable,gamesence,gamesized,gamesness
weatherabilities,weatherization,weatherability,weatherable,weatherings,weatherizer,weatherizes,weatherized,weatherment,weatherness,weatherring,weatherliness,weatheribility,weather,weathereds,weatherers,weatherlys,weathering,weatherize,weatherred,weatherizers,weatherizing,weatherly,weatheror,weatheres,weatherer,weathered,weatheral,weatherizations
pvc,pvcs,pvccable,pvcized,pvcal,pvcor
fickle,fickly,ficklely,fickling,fickleicity,fickleness,fickles,fickler,fickled
calculatoror,calculatoral,calculatoric,calculatores,calculators,calculator,calculatoring
throats,throatism,throating,throaters,throateds,throatly,throator,throatal,throated,throates,throater,throatable,throatings,throatting,throat
worm,wormer,wormes,wormly,wormal,wormed,wormor,wormable,wormings,wormizer,wormmers,wormming,wormness,wormation,wormences,wormmings,worms,worming,wormism,wormers,wormability
indexicality,indexor,indexic,indexes,indexed,indexer,indexal,indexically,index,indexers,indexeds,indexeer,indexism,indexial,indexing,indexors,indexxed,indexization,indexability,indexations,indexicalities,indexs,indexables,indexality,indexation,indexibles,indexicals,indexibility,indexable,indexence,indexings,indexicly,indexical,indexible
kansases,kansaser,kansased,kansasor,kansasity,kansas
disneylanding,disneyland,disneylands
grillal,grilled,grillor,grilleds,grilling,grillled,grill,grills,grillables,grillable,grillings,grillling
phoneability,phonality,phonation,phoneable,phonally,phonable,phoneing,phonions,phonor,phonal,phoned,phoner,phones,phone,phonors,phoning,phoners,phoneed,phonees,phoneds,phoneor,phonely,phonations
registrations,registrationion,registrationor,registrational,registrationer,registrationes,registrative,registration
care,carance,careeds,careeer,careeor,careing,careity,carelys,carence,carency,carings,carions,careallied,careallies,careation,careiving,carencies,carer,cares,caric,cared,carations,carely,carers,careal,carees,careed,careds,carics,carion,caring,careability,caration,careable,careeers,careings,carement,carelies,careness,carences
continentalization,continentally,continentalor,continentales,continentaler,continentalism,continentality,continentalize,continentalizing,continentalized,continentalizes,continentals,continental
southerness,south,southes,souther,southed,southal,southor,southly,southors,southeer,southing,southion,southism,southers,souths,southallied,southisms,southings,southness
solarance,solarizes,solarizer,solarized,solarions,solarness,solar,solaric,solared,solarer,solares,solaror,solarly,solaral,solarize,solarity,solarism,solaring,solarion,solarics,solarred,solars,solarization,solarizers,solarizing,solarizations,solarically
tourism,tourismism,tourisming,tourismor,tourismes,tourismic,tourismal,tourisms
secretism,secretize,secretors,secreteer,secretization,secrets,secretities,secretizing,secretly,secretor,secretal,secretally,secretable,secreteers,secretials,secretized,secretlies,secretness,secret
gem,gems,gemmor,gemmed,gemmer,gemors,gemial,gemize,gemity,geming,gemmal,gemers,gemeer,gemals,gemor,gemly,gemic,gemes,gemer,gemed,gemal,gemables,gemation,gemmings,gemancy,gemence,gemizes,gemings,gemness,gemming,gemment,gemmers,gemability
rock,rockally,rockable,rockably,rockeers,rockings,rockisms,rockical,rocklies,rocklied,rockking,rockness,rockment,rockeds,rockeer,rockals,rockity,rockive,rockion,rockism,rocking,rockker,rockked,rockality,rockation,rockkings,rockization,rockability,rockor,rockes,rocked,rockal,rockly
madamor,madam,madamism,madams
computeration,computerative,computerority,computerrible,computerrized,computerically,computerations,computerabilities,computer,computering,computerism,computerers,computerred,computerror,computers,computerable,computerence,computerials,computerions,computerness,computerring,computerrors,computeror,computerly,computeric,computerer,computeres,computered,computeral
sewings,sewingers,sewing,sewingly
powerallies,powerallied,powerably,powerable,powerisms,powerings,powerizer,powerized,powerlies,powerment,powerness,powerring,powerics,powerize,powerism,powerive,powering,powerion,powerers,powereds,powerred,powerability,power,poweric,powered,powerer,poweres,poweror,powerly,poweral,powerabilities,powerizers,powerizing,powerments,powerrings,powerrizer,powerrizers
sentineled,sentinelling,sentinel,sentinels,sentinelled,sentineling,sentinelism
newyorks,newyorkisms,newyorkness,newyork
vega,vegalys,vegaism,veganess,vegas
song,songiving,songs,songals,songeer,songger,songgal,songers,songism,songive,songing,songial,songes,songer,songic,songal,songed,songor,songly,songging,songions,songment,songness
organized,organizedor,organizedly,organizedness,organizeds
gardeners,gardeneer,gardenial,gardenize,gardenner,gardenned,gardenizing,gardens,garden,gardenization,gardenable,gardenally,gardeneers,gardenized,gardenment,gardenning,gardenness,gardenners,gardenic,gardenly,gardenor,gardenal,gardened,gardener,gardenes
travelabilities,travelable,travelance,traveleers,travelizer,travelings,travellors,travellies,travelling,travelness,travelallied,travelations,travelals,traveleor,traveleer,travelize,travelism,travelive,travelity,travelion,traveling,travellys,travellor,travelors,travel,travelation,travelal,travelic,traveles,travelor,travelly,travelicity,travellings,travelority,travelability
diabetes,diabeteses,diabetesic,diabetesor
leveleer,leveleds,leveling,levelism,levelize,levelled,levellor,levelors,levelization,levelability,levelal,leveled,leveles,levelly,levelor,level,levelation,levelizing,levellable,levellings,levellized,levelable,leveleers,levelings,levelized,levelizes,levelizer,levelling,levelness,levellors,levelment,levels
indians,indianics,indianity,indianism,indianize,indianing,indiannor,indianers,indianeer,indianization,indianor,indianed,indianal,indianly,indianic,indianer,indianes,indian,indianisms,indianizes,indianized,indianness,indianation,indianizing
boardder,boardeor,boardive,boardable,boardance,boardding,boardness,boardment,boardor,boardes,boarded,boardly,boardal,board
smaller,smalles,smalled,smallal,smallly,smallic,smallor,small,smalller,smallive,smallism,smallion,smalling,smallers,smalleer,smallable,smallence,smallings,smallized,smallizes,smalllies,smallness
bobcatal,bobcates,bobcator,bobcats,bobcatting,bobcat
use,usal,used,uses,usic,usor,useableness,useability,usability,usabilitys,usically,usals,useic,useed,useer,usees,useds,useor,usely,useal,usion,using,usize,usive,usity,usics,usinging,usingers,usables,usabled,usances,usation,usative,useally,useance,useably,useable,useding,usedeer,usedded,usement,useness,usicals,usingor,usingly,usinger,usinges,usinged,usiving,usively,usallied,usallies,usations,usatives,usableness,usabilitied,usabilities,usedative,usibility,usally,usance,usable,usably,usedly,usedor,useder,usedes,useded,usedic,useers,useize,useing,useion,useism,useive,usence,usical,usible,usions,usings,usives,usicality,useables,usivities,usedable,useiving,usements
hip,hips,hipal,hipor,hiply,hipic,hiped,hiper,hipes,hipical,hipisms,hipment,hipness,hipping,hippers,hipped,hipper,hippal,hipity,hipism,hiping,hipers,hipeer,hipals,hipperness,hipments,hippings
show,showabilities,shows,showal,showes,showed,showly,showor,showeer,showeds,showwed,showwer,showable,showeers,showness,showment,showwing,showwers,showability,showables
titanizing,titanal,titanes,titaned,titanor,titan,titans,titanizer,titanized,titanness,titanation,titaneer,titanize,titanism,titanion,titaning,titanner
mayo,mayoism,mayos,mayoness,mayoly
day,daic,dayers,daying,dayive,dayity,dayals,dayeer,dayallied,daied,daies,daier,daics,dayic,dayed,dayes,dayer,dayal,dayly,dayor,dayable,dayance,dayally,dayence,dayives,dayings,dayment,daylies,dayness
tornadoing,tornadoers,tornadoeds,tornadoer,tornadoes,tornadoed,tornadors,tornador,tornados,tornado
creatability,creatables,creatation,creatative,createable,createment,creaticity,creatition,creatizing,createables,createation,creability,creatable,createers,createeds,createive,createion,createing,createors,creatical,creatible,creatings,createabilities,creatabilities,creibility,createability,creables,creatics,creating,creatity,creaters,createds,createed,createer,createes,createal,creately,createor,createic,creatations,creibles,creable,creatic,creatal,created,creater,creates,creible,create,creatativity
tree,treally,treance,treable,treeals,treeing,treeism,treeity,treible,treings,treizer,treizes,treeation,treeativity,treality,treation,treeable,treelies,treeness,treeability,treer,trees,treed,treal,treor,treic,treallies,treals,treeal,treees,treeds,treeed,treely,treers,treeor,treing,treion,treive,treity,treize,treors,trealities,treeations
gmat,gmats,gmatism
tax,taxs,taxibility,taxable,taxably,taxible,taxings,taxxing,taxor,taxic,taxly,taxer,taxes,taxed,taxal,taxability,taxors,taxers,taxeds,taxity,taxism,taxing,taxion,taxables,taxative
historys,historiness,historiers,historying,historyive,historyals,historyical,historyying,historyically,historier,histories,historied,historyic,historyer,historyes,historyed,historyor,historyal,history
waterial,watering,waterize,waterors,waterers,waterral,waterred,waterror,watered,wateror,wateres,waterer,waterly,waterably,waterable,waterized,waterizer,waterings,waterness,waterring,waterizing,waterrings,waterrible,water,waterability,waterallied
fybromyalgia,fybromyalgias
condo,condos
forearm,forearms,forearming,forearmes,forearmed
who,whos,whor,whoing,whoism,whoors,whoeer,whoers,whoals,whoor,whors,whoes,whoer,whoed,whoal,whorness,whomenting,whoable,whoally,whoings,whoived,whoives,whoisms,whoment,whoness
game,gamable,gameers,gameial,gameing,gameism,gameive,gameeer,gamions,gamings,gamive,gamize,gamion,gaming,gamity,gameor,gamers,gameds,gameer,gameed,gamees,gamely,gameal,gamals,gamors,gamor,gamer,gamed,gamal,gamation,gameable,gameence,gameings,gameness,gameiving,gamerness,gameallied,gameability,gameliness
howards,howardly,howardisms,howardness,howard,howardism
rockieds,rockiers,rockyed,rockyer,rockyes,rockyor,rockier,rockies,rockied,rockily,rockiness,rockyness,rocky,rockys
dinosaurs,dinosaurical,dinosaurisms,dinosaur,dinosauror,dinosauric,dinosaurly,dinosaural,dinosaured,dinosaures,dinosaurer,dinosaurers,dinosaurism,dinosaurity,dinosauring,dinosaurial
east,eastance,eastable,eastings,eastness,eastic,eastes,easted,eastal,eastor,eastly,eastment,easts,eastiality,eastality,eastments,easteer,easteds,eastion,easting,eastism,eastics,eastted,eastter,eastallied,eastliness
car,carments,cars,carrally,carrible,carrings,carally,carable,careors,carible,carical,caritys,carives,carlies,carment,carness,carring,carrors,carrals,carreds,carrers,carmenting,caral,caror,carly,carallied,carals,carors,carlys,carrer,carred,carror,carral,careor,carity,carism,carive,carize,carial,caribles,carities,carizing
idahoism,idaholy,idaho,idahos
hospitalal,hospitaler,hospitales,hospitaled,hospitally,hospitalor,hospitallor,hospitaller,hospitalled,hospitaling,hospitalism,hospitaleer,hospitalers,hospitalality,hospitalable,hospitallers,hospitalness,hospitalment,hospitallized,hospital,hospitals
park,parkors,parkity,parkism,parkkal,parkker,parkkor,parkeer,parkeds,parkeor,parkal,parkly,parked,parkes,parkor,parkkings,parks,parkable,parkance,parkeers,parkence,parkized,parkking,parklies,parklied,parkness,parkallied,parkization,parkability
butterers,buttering,butterity,butterize,butterlys,butterred,butterror,butterable,butterance,butterings,butterlied,butterlies,butterment,butterness,butter,butteror,butterly,butterer,butteres,buttered,butteral,butters
sat,sats,satments,satability,satalities,satal,satly,sator,satterness,satically,satial,sative,satism,sators,sattal,sattor,satted,satter,sateer,satibility,satable,sateers,satives,satical,satness,sattors,satting,sattals,satters
chef,chefs,cheffing,cheffers,chefical,chefness,chefing,chefism,cheffed,cheffer,cheffor,chefeds,chefers,chefables,cheffings,cheficals,chefability,chefor,chefer,chefes,chefed,chefal,chefly,chefic
designers,designerings,designerisms,designerness,designerring,designerers,designerism,designerity,designering,designerror,designerred,designerization,designer,designeror,designered,designerer,designeres,designeric,designerly
cleanic,cleanor,cleanal,cleanes,cleaned,cleanable,cleanably,cleanance,cleanence,cleaneers,cleanical,cleanings,cleanners,cleanness,cleanning,cleanability,clean,cleanibility,cleanables,cleanation,cleans,cleanors,cleanner,cleanned,cleanics,cleaneds,cleaneer,cleaning
milwaukeed,milwaukees,milwaukee
capitol,capitoler,capitoles,capitolic,capitolal,capitolations,capitolizing,capitolers,capitolize,capitolism,capitolial,capitolizes,capitolized,capitollize,capitols,capitolization
bellevue,bellevues,bellevued
churchilled,churchillism,churchills,churchill
buildables,builddings,build,buildability,buildder,buildeer,buildeds,buildance,buildable,buildably,buildding,buildders,buildence,buildeers,builded,buildes,buildor,buildly,buildic,builds
clinics,clinicials,clinicical,clinicized,cliniced,clinices,clinicor,clinicly,clinication,clinicially,clinicically,clinicing,clinicics,clinicial,clinicism,clinicion,clinicers,cliniccal,clinicced,clinic
barbadosing,barbadosability,barbados,barbadoses,barbadosed
