tournamentality,tournamenteated,tournament,tournamental,tournament's,tournamentes,tournamented,tournamentitis,tournamention,tournamenting,tournaments's,tournamentant,tournamentallied,tournaments,tournamente
texa,texas,texae,texas's,texa's,texaes
your,yourelied,your's,yourli,youred,youres,yourly,youre's,yourely,yourful,youring,yourred,yours's,yourrings,youre,yours,yourings,yourness,yourlies,yournessed
musice,musics,musicals's,musicallis,musicallys,musicality,musicalism,musicaling,musicalize,musicant's,musicating,musication,musicators,musicalizer,musicalizes,musicalized,musicallies,musicalness,musicicals,musications,musicful,musicics,musicing,musiciti,musicity,musicism,musice's,musiceal,musicent,musicers,musicate,musicals,musicant,musicational,music's,musical,musicer,musices,musiced,musicic,musicly,musicli,musicability,musicalization,musicalities,musicalizing,music,musicable,musicants,musicancy,musicance,musical's,musicalli,musically,musicator,musicated,musicical,musicings,musicisms,musicli's,musicment,musicness,musicalizations,musiceating,musicically
mother,motherability,mothered,motheres,motherer,motheral,motherly,mother's,mothere,mothers,motherering,mothering's,motherizing,motherous,mothers's,motherlys,mothering,motherism,motherers,mothere's,motherant,motherred's,motherrings,motherable,motheral's,motherings,motherisms,motherness
farm,farmli,farmly,farm's,farmed,farmes,farme,farms,farmes's,farmeing,farmings,farmming,farmness,farming's,farmeli,farmeds,farme's,farms's,farming,farmful
inventations,inventational,inventables,inventation,inventative,inventement,inventented,inventering,inventibles,invention's,inventioned,inventional,inventivity,inventive's,inventively,inventments,inventeering's,inventability,invents,invente,invent's,invented,invental,inventic,inventer,inventes,invently,inventate,inventant,inventful,inventers,inventent,inventeds,inventity,inventive,inventing,invention,inventics,inventted,inventeering,invent,inventable,inventator,inventer's,inventeers,inventered,inventives,inventions,inventings,inventible,inventment,inventting,inventibleness,inventionalism,inventiveness,inventivities,inventivity's,inventativeness,inventions's
you,youing,youings,you's,youed,youingly
opportunity,opportuniti,opportunism,opportuning,opportunize,opportunely,opportunent,opportunate,opportunant,opportuneities,opportun,opportuns,opportune,opportuned,opportunes,opportunities's,opportunitieds,opportunitying,opportuneity,opportunisms,opportunitys,opportunitis,opportunings,opportunized,opportunement,opportuneness,opportunism's,opportunity's,opportunities,opportunitied,opportunizing
personable's,personalizer,personalizes,personalized,personalitis,personalitys,personalisms,personally's,personallies,personalness,personation's,personations,personator's,personization,personability,personablenesses,personalative,personeer,personers,personent,personely,personeli,personful,personics,personant,personals,personate,persone's,personeal,personned,personous,persons's,personing,personize,personive,personism,personity,personalism's,personalitied,personalities,personality's,personalityed,personalizeds,personalizers,personalizing,personalized's,personalizedly,personalizings,person,personableness,personables,personals's,personality,personaliti,personalism,personalize,personaling,personallys,personators,personating,personation,personative,personately,personeating,personfully,personalizations,personizing,personalization,persons,persone,personably,personable,personance,personaled,personally,personalli,personal's,personates,personated,personator,personeity,personible,personic's,personitis,personizes,personized,personness,personning,person's,personal,personer,persones,personed,personic,personly,personli,personication,personalities's,personalization's
warren,warrene,warrens,warrenli,warrener,warrened,warrenal,warren's,warrene's,warrenism,warrening,warrenize,warrenity,warrenful,warreners,warrens's,warreners's,warrenator,warrenally,warrener's,warrenings,warrenized,warrenisms
airport,airportability,airportation,airports,airporte,airportate,airportant,airporters,airportent,airportlys,airportism,airporting,airports's,airport's,airportly,airportal,airported,airporter,airportes,airportable,airporter's,airportions,airportlies,airportness
at,ats,at's,atli,atly,attingly,atful,atlis,atlys,ats's,atted,atfully,atlis's,atlying,attedly,attings,atlies,atli's,atness,atteds,atting
chemicalizing,chemicalized,chemicalizes,chemicallies,chemicalization,chemicals,chemiceal,chemicism,chemic's,chemical,chemices,chemicly,chemice,chemics,chemicalizations,chemicals's,chemicalize,chemicalism,chemic,chemicator,chemical's,chemicance,chemicaled,chemically,chemicical
penguins,penguine,penguin,penguiners,penguine's,penguinous,penguining,penguinism,penguinity,penguinize,penguins's,penguinality,penguinfully,penguinicity,penguinizer's,penguin's,penguinic,penguinly,penguinal,penguines,penguiner,penguined,penguinations,penguinator,penguinance,penguinized,penguinizer,penguinitis,penguinness
hobbis's,hobbie's,hobbying,hobby's,hobbi's,hobbied,hobbies,hobbies's,hobbiness,hobbi,hobby,hobbys,hobbie,hobbis
be,be's,being's,beingly,being,beings's,beings
gardenallis,gardeneer's,gardeners's,gardenering,gardenfully,gardenant,gardenate,gardene's,gardeners,gardeneer,gardenful,gardenize,gardening,gardenned,gardens's,gardening's,gardenizing,gardens,gardene,garden,gardenization,gardenable,gardenal's,gardenally,gardenator,gardeneers,gardener's,gardeneing,gardenerly,gardenings,gardenized,gardenment,gardenning,gardenness,gardenic,gardenly,gardenal,gardened,gardener,gardenes,garden's
throate,throats,throating,throateds,throatful,throat's,throatly,throated,throates,throatfuls,throated's,throatedly,throatings,throatting,throat
host,hoste's,hosteds,hosteli,hostely,hostful,hosting,hosts's,hostted,hosting's,hosts,hoste,hostfulness,host's,hostli,hostly,hosted,hostes,hostelis,hosteing,hosted's,hostings,hostness,hostting
nile,nile's,nilees,nileds,nileed,niling,niles's,niles,nilee,niled
annuitied,annuities,annuity's,annuitie,annuitis,annuitys,annuity,annuiti
pork,pork's,porkes,porked,porkly,porks,porke,porking,porkeds,porke's,porkness
how,hows,howeing,howes's,howings,howness,howeli's,howfully,how's,howed,howes,hows's,howing,howful,howeli,howely,howe's
adoptiveness,adoptions's,adoptioning,adoptables,adoptabled,adoptation,adoptative,adopt,adoptibles,adoption's,adoptional,adoptism's,adoptively,adoptive's,adoptable's,adoptants,adoptance,adoptable,adoptator,adoptated,adopter's,adoptedly,adopted's,adoptible,adoptives,adoptions,adoptings,adoptment,adoptting,adoptability,adoptations,adoptted,adopteds,adopteer,adoptent,adopters,adoptant,adoptate,adopting,adoption,adoptism,adoptive,adopte,adopts,adoptionalism,adopter,adoptes,adopted,adoptic,adoptly,adopt's,adoptabilities,adoptibility
journall,journals,journale,journalization,journal's,journalal,journalls,journales,journaler,journaled,journally,journalism's,journalizers,journalizing,journalizations,journalers,journals's,journaller,journalled,journalism,journaling,journalics,journalize,journalisming,journalizeing,journal,journalication,journalations,journalable,journalator,journaler's,journaleism,journalized,journalizer,journalizes,journalitis,journalisms,journalings,journallive,journallism,journalling,journallers,journalness
civillization,civilization,civilization's,civilizations,civillizations,civilizedly,civilizeing,civilizer's,civilizations's,civilizationing,civil,civilations,civileization,civilication,civilation,civilement,civilities,civility's,civilizing,civilizers,civilizeds,civillized,civilants,civilally,civiles's,civiliced,civilings,civilitys,civilized,civilizer,civilizes,civillity,civilness,civile's,civilate,civilant,civiller,civility,civilism,civiling,civilize,civil's,civiles,civiler,civiled,civils,civill,civile,civilation's
hotelable,hotelence,hotelling,hotellive,hotellers,hotel's,hotelic,hoteled,hoteler,hoteles,hotelal,hotells,hotelling's,hotel,hotelation,hotelelies,hotelement,hotelfully,hotelealing,hoteling's,hoteller's,hotellings,hoteleering,hotell,hotels,hotele,hotelers,hotelent,hoteleal,hotels's,hotell's,hotelism,hotelity,hoteling,hotelled,hoteller
nationationality,nation,nations's,nationals,nationeal,nationers,nationism,nationing,nationize,nationational,nationization,nationalism,nationaliti,nationality,nationaling,nationalize,nationallys,nationals's,nationities,nationizing,nationalism's,nationality's,nationalities,nationalitied,nationalizing,nationalize's,nationalizers,nations,natione,nationalization's,national,nationly,nationic,nationed,nationes,nationer,nation's,nationalitys,nationalisms,nationalized,nationalizes,nationalizer,nationallied,nationalness,nationations,nationalization,nationally,national's,nationeers,nationized,nationisms,nationness,nationlied,nationalizations
term,terms,terme,termings,termlies,termness,termming,terming,termlys,termeli,terme's,terms's,term's,termly,termli,termes,termed
wed,weds,wedded,wedlis,wedding's,weddings's,wed's,wedly,wedli,weddings,wedding,wedness
a,a's,aed,aeds,aing,aed's,aedly,aings,aeds's
websit,websiteallied,websiteallies,websiteings,websitement,websitering,websitous,websiting,websition,websiteds,websiteer,websitely,websiters,website's,websited,websiter,websites,websit's,websits,website,websitefulness,websites's,websiter's,websiteers,websiteing,websiteful,websitings,websitting
miny,mini,minis,minie,minys,minying's,mininess,miniely,minieli,minie's,miniing,minying,minyed,miny's,minies,minied,mini's
job,jobfully,jobs,job's,jobbing,jobness,jobful,jobbed,jobs's,jobbing's,jobbings
cj,cj's
adob,adobe,adobs,adobably,adobable,adobes's,adob's,adober,adobes,adobed,adobeli,adobe's,adobant,adobeisms,adobeized
rightfuls,rightings,rightness,rightly's,rightting,rightnesses,rightefully,right,righted,rightes,right's,rightli,rightly,rightfulness,righte,rights,rights's,rightely,rightful,rightlys,righting,righteness,rightfully,rightfulli,rightfulnesses
food,food's,fooded,foodes,foodly,foods,foode,foodings,foodness,fooding,foods's,foodful,foode's,foodfulness,fooding's
the,theing's,the's,theing,theings
ct,ct's
sale,saleed's,saling's,salee,saled,sales,sale's,saleli,saleds,saleed,salees,saling,salelis,sales's,salee's,saleing,salings
blue,blueings,blueing's,blues,blue's,blues's,blueing
afghanistanings,afghanistanlied,afghanistanism,afghanistanize,afghanistans's,afghanistanent,afghanistans,afghanistane,afghanistan's,afghanistanal,afghanistanes,afghanistaner,afghanistanization,afghanistan
thankful's,thankfully,thankingly,thanknesses,thankefully,thank,thankfulness,thanke's,thanks's,thanking,thankful,thanks,thanke,thankfulnesses,thankes,thanked,thankly,thank's,thankeing,thankfuls,thankings,thanklies,thankness
informalization,informable,informal's,informally,informants,informancy,informance,informanci,informates,informated,informator,informed's,informedly,informeing,informence,informer's,informerly,informical,informings,informitis,informming,informs,informe,informalized,informalizer,informalisms,informalness,informance's,informalize,informality,informalism,informallys,informant's,informances,informating,information,informative,informateli,informate's,informators,informations,informatives,informator's,informingly,informities,informmed's,informationalism,informationality,informationals,informations's,informationing,informativeness,informationallied,inform,informationed,informational,information's,informatively,informative's,informativity,informativenesses,informe's,informate,informant,informals,informeer,informeds,informers,informics,informing,informity,informiti,informous,informmed,informs's,informization,inform's,informli,informic,informed,informer,informes,informal,informability,informeation,informalative,informalities,informality's,informalizing,informationally,informationings
interviews,interviewe,interviewal,interviewer,interviewes,interviewed,interview's,interviewability,interviewables,interviewing's,interviewingly,interviewancy,interviewable,interviewered,interviewer's,intervieweers,intervieweing,interviewings,interviewness,interview,interviewant,interviewers,interviewent,intervieweds,intervieweer,interviewe's,interviews's,interviewize,interviewing
volvoing,volvoness,volvo's,volvoes,volvo,volvos,volvoe
appraise,appraisements,appraiseer,appraiseds,appraisers,appraiseal,appraisals,appraising,appraision,appraisive,appraisability,appraises,appraiser,appraised,appraisal,appraisals's,appraisement,appraisers's,appraisingly,appraisments,appraisable,appraisaled,appraisal's,appraiser's,appraiseals,appraisings,appraisment
instruct,instructers,instructive,instruction,instructing,instructe,instructs,instructly,instruct's,instructes,instructer,instructed,instructible's,instructions's,instructioning,instructioneds,instructionals,instructables,instructiveness,instructibles,instruction's,instructional,instructioned,instructively,instructments,instructable's,instructionalism,instructionality,instructivenesses,instructionally,instructional's,instructionlies,instructable,instructedly,instructer's,instructible,instructions,instructives,instructment,instructability,instructables's
kiwi,kiwy,kiwys,kiwie,kiwis,kiwiful,kiwis's,kiwies,kiwied,kiwi's,kiwy's,kiwiness
heartattacked,heartattacker,heartattack,heartattacks
arkansa,arkansas,arkansae,arkansaes,arkansa's,arkansas's
languageible,languagences,languageness,languaging,languagism,language's,languagers,languageer,languagely,languageli,languageative,languageing,languageent,languages's,languagings,languages,languager,languaged,languagal,languag,language,languags
bowflex,bowflexs,bowflexes,bowflex's,bowflexives
lipomas,lipoma's,lipoma
club,clubbings,clubful,clubbed,clubs's,clubs,clubbing,clubness,clubbing's,club's
highway,highwayant,highways's,highwayful,highwayers,highwaying,highway's,highwayes,highwayed,highways,highwaye,highwayness
programically,programate,programe's,programeer,programers,programics,programity,programism,programing,programize,programmed,programous,programs's,programations,programe,programs,program's,programed,programer,programes,programic,programli,programly,programal,programibility,programming's,programmingly,programeating,programables,programating,programation,programators,programeable,programering,programancy,programants,programable,programably,programated,programator,programeing,programeers,programeous,programer's,programence,programible,programical,programives,programings,programized,programming,programment,programfully,programness,programing's,programmedly,programmings,program,programational,programization,programability
ralph,ralphe,ralphs,ralphings,ralphed,ralphes,ralph's,ralphe's,ralphing,ralphs's
test,testefully,teste,tests,testfully,testingly,testing's,testely,testeds,testing,teste's,tests's,testted,testeing,testeful,tested's,testings,testting,test's,testly,tested,testes
owen,owening,owenism,owenize,owens's,oweners,owenities,owen's,owened,owener,owenes,owenly,owenator,owener's,owenings,owenized,owens,owene
shadeful,shadeing,shaded's,shadeeds,shades's,shadings,shade,shadeed's,shadeli's,shading's,shades,shaded,shadee,shade's,shading,shadeds,shadeed,shadees,shadeli,shadely
pay,paye,pays,payeing,payed's,payes's,payings,payness,payingly,paying,paye's,payeli,payful,pay's,payes,payed,payfulness
gps,gps's
djs,djs's
walker,walkere,walkers,walker's,walkered,walkeres,walkerer,walkeral,walkerly,walkerism,walkering,walkerent,walkerred,walkers's,walkere's,walkerally,walkerisms,walkerings,walkerly's
er,ers,er's,erli,erly,erli's,erlies,erlied,erly's,erness,erring,erringly,erring's,erful,erlys,erlis,ers's,erred,erfully,erlying,errings
imclones,imclone,imclone's
beatled,beatles,beatleful,beatles's,beatl,beatls,beatle,beatlely,beatleds,beatle's,beatling
part,partful,parting,partted,parts's,parte's,parteds,partely,parteli,partli,partly,partes,parted,part's,partingly,parting's,partlying,parte,parts,partes's,parted's,partedly,parteing,partings,partlies,partness,partting
vine,vineness,vining's,vines,vined,vinee,vineing,vines's,vinings,vine's,vinely,vineli,vinees,vineed,vining
childs's,childe's,childful,childing,child,childings,childness,childes,childed,childly,childli,child's,childs,childe
incommently,incomeness,incoming's,incomments,incomed,incomes,incomer,incomic,incom's,incomate,income's,incomers,incomics,incomity,incoming,incom,income,incoms,incomeing,incomer's,incomible,incomings,incomment,incomming
fig,figs,figs's,figged,fig's,figli,figly,figgings,figging,figfuls,figli's,figness
arkadelphia,arkadelphia's
unit,unitality,unitation,unitative,uniteable,unitement,unitented,uniterred,unitering,unitities,unitively,unitivity,unitizing,unitizers,unite,units,unitication,unitiveness,unittingly,unitalization,unitizations,unitational,unit's,unitic,united,unites,uniter,unital,unitli,unitly,unitization,unitated,unitates,unitable,uniteers,unitedly,uniteing,uniteism,united's,unitence,uniter's,unitions,unitives,unitings,unitized,unitizer,unitizes,unitlies,unitness,unitting,unitted,unitive,unitity,unititi,unitism,unition,unitize,units's,uniteer,uniteds,unite's,unitate,unitant,unitals,unitics,uniting,unitful,unitely,uniteli,uniteic,uniters
younge,youngs,young's,younges,younged,youngly,youngli,young,youngs's,younge's,youngful,younging,youngnesses,youngings,youngness
regions,regione,regionalize,regionalism,regionality,regionators,regionation,regionating,regionizing,regionlying,regionant,regionals,regionate,regione's,regioners,regioneal,regioning,regionism,regionize,regionlis,regions's,regionalizations,regionalized,regionalizes,regionalisms,regionallied,regioned,regiones,regioner,regional,regionly,regionli,regionic,region's,region,regionable,regional's,regionally,regionaled,regionated,regionator,regioneers,regionized,regionness,regionning,regionization,regionalization,regionalism's,regionalities,regionalizers,regionalizing
poconoes,pocono's,pocono,poconos,poconoe
fl,fl's
atarious,atarience,atariness,atari,atary,atari's,ataries,atarie,ataris
for,fors,forlis,forlys,forful,fors's,forred,for's,forly,forli,forli's,forlies,forness,forring,forlying,forrings
indiaes,india's,indianess,india,indiae's,indiaing,indias's,indiae,indias
statefully,statelying,stately's,stateness,stating's,statingly,state,statefulness,states,statee,stated,statelys,statelis,states's,stateely,statedly,statee's,stated's,stateing,stateful,statings,state's,stateds,statees,stateed,stateli,stately,stating
breede's,breededs,breeding,breeds's,breedding,breedeing,breedings,breedness,breed,breeding's,breedes,breeded,breed's,breede,breeds
get,gets,getful,getted,gets's,get's,getli,getly,gettings,getting's,gettingly,getting,getfulness,gettings's
squamous,squamously,squamousness,squamouse
sign,signing's,signnings,signed's,signeing,signedly,signings,signness,signning,signe,signs,signes,signed,sign's,signly,signeds,signeli,signe's,signs's,signned,signing
von,vons,vonness,von's,vonly,vonli,vons's
rate,ratings's,rates,rated,ratee,rate's,rateed,rateds,ratees,rately,rating,rateings,rateness,rating's,rates's,ratelis,rateing,rateful,ratedly,rated's,ratee's,ratings,ratefully
ellipt,elliptization,ellipticity,ellipticals,elliptable,ellipter's,ellipticed,elliptical,ellipticly,elliptic's,ellipt's,elliptal,ellipter,ellipted,elliptic,ellipticaling,ellipticality,elliptically,elliptical's,ellipticities,ellipters,elliptics,elliption,ellipting
trainer,traineric,traineres,trainer's,trainerals,trainering,trainers's,trainerallied,trainers,trainere
companiably,companiable,companients,companies's,companiment,companiability,compani,company,companiments,companied,companies,companier,company's,companie,companis,companys,companient,companiers,companieds,companie's,companious,companys's,companying
satellit,satellits,satellite,satellitization,satellital,satellites,satelliter,satellited,satellitic,satellit's,satellitics,satellitism,satelliting,satellite's,satelliters,satelliteds,satelliteers,satelliteing,satellites's,satellitical
willebrands's,willebrand,willebrands,willebrand's,willebrandal
ridg,ridgely's,ridgingly,ridgelys,ridges's,ridgedly,ridgings,ridgness,ridgs,ridge,ridgeli,ridgely,ridgeds,ridgged,ridging,ridge's,ridges,ridged,ridg's,ridgly
sit,sits,sit's,sitli,sitly,sitnessing's,sittings,sitted,sittingly,sitting's,sitness,sitting,sitnesses
starbucke,starbucks,starbucking,starbuckers,starbucks's,starbuckization,starbucker's,starbuck's,starbucker,starbuckes,starbucked,starbuck
live,livings's,liveeing,liveelis,liveings,livelies,lively's,liveness,living's,livingly,livee,lived,lives,livee's,lived's,liveing,liveful,livelys,lives's,livings,livelying,liveds,liveed,livees,liveli,lively,live's,living
lymphomas,lymphoma,lymphoma's
rick,rickelis,rickly's,rickness,ricks,ricke,ricke's,rickely,rickeds,ricking,ricklis,ricks's,rickes,ricked,rickly,rickli,rick's
unc,unce,uncs,unc's,uncly,unced,unces,unceli,unceds,unclis,unclys,uncing,unceing,unced's
rice,riceness,ricing's,rices,ricee,riced,riceing,rices's,rice's,ricees,riceed,riceds,ricely,ricing
gs,gs's
tangiblizing,tangible's,tangiblity,tangibl,tangiblenesses,tangibilities,tangibility,tangiblated,tangibler,tangibles,tangibly,tangible,tangiblement,tangibleness
serviceableness,servicibility,servicableness,servicer,services,serviced,servic's,servical,service's,serviceal,serviceer,serviceds,serviceli,servicely,servicers,servicals,servicous,servicing,servicity,servicefulness,serviceables,servics,service,servicator,servicably,servicable,serviced's,serviceing,serviceity,serviceive,serviceers,serviceful,servicered,servicer's,services's,servicence,servicible,servicings,servicitis,servicized,servicment,servicization,servic,servicability,serviceational,serviceability,serviceableness's,serviceable,serviceably,serviceally,serviceence,serviceical,serviceness,servicement,servicering,servicing's,servicizing,serviceabilities,servicments
iron,ironelis's,ironables,ironicals,ironing's,ironizing,ironments,ironizations,irons,irone,ironically,ironicness,ironicality,ironli,ironly,ironic,ironed,irones,ironer,ironal,iron's,ironers,ironeer,ironate,irons's,ironned,ironize,ironing,ironity,ironism,ironics,ironator,ironally,ironable,ironer's,ironelis,ironized,ironizes,ironizer,ironings,ironicly,ironical,ironic's,ironment,ironning,ironness,ironization,ironability
skeet,skeeting,skeete's,skeets's,skeets,skeete,skeetly,skeeted,skeetes,skeet's
famili,family,familialization,familiality,familialism,familialize,familiement,familializing,familially,familiants,familieals,families's,familiness,familiant,familials,familiers,familient,familieds,familieer,familie's,familied,familial,families,familier,famili's,familyed,family's,familying,familys,familie,familis,familialized
presidentlying,presided,presides,presider,presidal,presid,presidencies's,presidentness,presidant's,presideents,presidented,presidentli,presidently,president's,presidences,presidencys,presidingly,presiding's,presidate,presidant,presidded,president,presiders,presiding,preside,presidator,presidants,presidancy,presidance,presidents,presidency,presidenci,presidence,presideing,presider's,presideent,presideate,presideant,presidings,presidencies,presidency's,presidents's,presidenting,presideously
pocketli,pocketer,pocketes,pocketed,pocket's,pocketable,pocketeers,pocketfuls,pocketings,pocketized,pocketness,pocketting,pocket,pockete,pockets,pocketability,pocketize,pocketism,pocketing,pocketful,pocketeer,pocketers,pocketted,pockets's,pocketables,pocketeer's,pocketing's,pocketable's
colleging,collegeds,collegeal,collegeer,collegent,collegers,collegant,collegate,college's,collegality,collegateli,collegations,collegated,collegalli,collegeals,collegeate,collegeity,collegered,collegeous,colleger's,colleges's,collegical,collegisms,collegitis,college,collegs,collegic,collegal,colleges,colleger,colleged,colleg's,collegeality,colleg
educant,educate,educe's,educing,educity,educent,educ,educationalisming,educatingly,education's,educational,educationed,educatively,educative's,educeational,educators's,educatoring,educal,educes,educer,educed,educability,educabilities,educator,educates,educated,educants,educaled,educable,educably,educered,educer's,educible,educs,educe,educational's,educationally,educateing,educated's,educatedly,educatives,educations,educator's,educationallied,educibility,educationalism,educationality,educeators,educeation,educationing,educationeds,educationals,educations's,educements,educables,educanted,educative,education,educating,educators,educate's,educately,educateds,educement,educities
brotheral,brotheres,brotherer,brothered,brotherli,brotherly,brother's,brotherization,brothereing,brotherment,brotherness,brothers's,brotherred,brotherers,brotherism,brothering,brotherlying,brotherments,brothers,brothere,brother
channelates,channelants,channeler's,channelings,channelizer,channelizes,channelized,channelling,channellive,channellize,channellers,channelization,channelizations,channele,channell,channels,channells,channelal,channeled,channeler,channeles,channel's,channelingly,channeling's,channelizing,channelizers,channeller's,channellized,channellings,channelments,channel,channelate,channelers,channelive,channelism,channelize,channell's,channeling,channelled,channeller,channels's,channelling's,channellingly
hp,hp's
americaners,americanate,americaneer,americanned,americans's,americanism,americanity,americanize,americane,americans,americanational,americanization,americanally,americaneers,americanisms's,americanizer,americanizes,americanized,americanitis,americanisms,americanible,americanness,american's,americanal,americaned,americaner,americanes,americanic,americanly,americanli,american,americanallies,americanallis,americanative,americanicity,americanism's,americanities,americanizing,americanizers,americannesses,americanization's,americanizations
euclidicity,euclid,euclidic,euclid's,euclides,euclides's,euclide,euclids,euclide's,euclids's,euclidity,euclidism,euclidization,euclidating
dmv,dmv's
ocd,ocds,ocde,ocde's,ocding,ocd's,ocded,ocdes,ocdness
propertie's,propertieds,propertiers,propertying,properti,property,propertys,propertis,propertie,propertyed,property's,propertial,propertied,properties,propertier,properties's
frenchnesses,frenchings,frenchness,french,frenches,frenched,french's,frenchli,frenchly,frenching,frenche's,frenchfully,frenche,frenchs
fractural,fractured,fractures,fracturer,fracturization,fracturability,fracturing,fracturism,fracturers,fracturent,fracture's,fracturate,fractur,fracturations,fracturation,fracturable,fracturator,fracturated,fractureing,fracturedly,fracturings,fracturing's,fracture,fracturs
africaalli,africaness,africaes,africaer,africa's,africas's,africaalli's,africa,africae,africas
plating,plate's,plateed,plateds,platees,plateli,plately,plateful's,plates,plated,platee,plate,platefuls,plating's,platelis,plates's,platedly,plateing,plateful,platings
in,ins,in's,inly,inli,infully,inlying,infulness,inful,inlis,inned,ins's,inness's,innessed,innesses,infuls,inlied,inlies,inlyed,inness
lowerance,lowerator,lowerable,lowerered,lowereing,lowerence,lowerized,lowerings,loweritis,lowerness,lowerring,lowerers,lowerful,lowerate,lowerize,lowering,lowerred,lower's,lowerly,lowered,loweres,lowerer,lowerability,lower,lowerating,loweration,lowerators,lowerering,loweringly,lowerlying,lowers,lowere
neil,neil's,neiles,neiled,neils,neile,neilings,neiling,neils's,neile's
dnr,dnr's
is,is's,isnesses,isness,isfully
angularisms,angularizes,angularized,angularness,angular's,angulares,angulared,angularer,angularly,angularities,angularize,angularity,angularism,angulariti,angular,angulare,angulars,angularization
systeming,systemism,systemics,systemive,systemity,systemize,systemous,systems's,systemate,systemals,systeme's,systemeic,systemers,systemately,systemative,systemation,systemering,systemeering,systemfully,systemicity,systemizers,systemizing,system's,systemli,systemly,systemic,systemed,systemer,systemes,systemal,systemable,systemator,systemates,systemes's,systemeing,systemic's,systemicly,systemical,systemitis,systemizes,systemizer,systemized,systemlies,systemming,systemment,systemness,systems,systeme,system,systemically,systemation's,systemering's,systemization,systemability,systemizations,systemator's
atyp,atypicalities,atypicality,atype,atypicalli,atypically,atypicals,atypicity,atyping,atypism,atypics,atypisms,atypical,atypal,atyped,atypes,atypic,atyp's
dog,dogs,dogged,dogful,dogs's,doglis,doggingly,dog's,dogli,dogly,dogfully,doggedly,doggings,dogging,dogness
city,citi,citys,citie,citis,cities's,citiness,citieds,citie's,citiing,citying,citys's,cities,citied,citi's,city's,cityed
bag,bags,baggings,bag's,bagly,bagli,bagging,bagfuls,baglies,bagli's,bagness,bagly's,bagful,bagged,baglis,baglys,bags's,baggingly,bagging's
obamas,obamae,obama,obamaism,obamaize,obamaing,obamaers,obamas's,obamaisms,obamaized,obamaitis,obamaness,obamaization,obamaments,obamaic,obamaes,obamaer,obamaed,obama's
stampingly,stamping's,stamp,stamped's,stampings,stampness,stampping,stampe,stamps,stampeds,stampe's,stamping,stamps's,stampped,stamped,stampes,stamp's
air,airs,aire,aireing,aires's,aired's,airings,airlied,airlies,airness,airring,air's,airli,airly,aired,aires,airlied's,aireings,aireness,airing's,airlying,airrings,airness's,airlis,airing,airs's,aire's,airely,aireds,airful,airred
cell,celle,cells,celle's,celling,cells's,celleing,cellings,cellness,cell's,celles,celled
raffle's,raffling,raffl,raffle,raffles,raffled,raffl's,raffles's,raffleing,rafflings,raffling's
librarial,libraries,librarier,libraried,library's,librarys,librarie,libraris,librari,library,libraries's,librariness,libraris's,librarious,librarieds,librarie's,librariers,librarying,librarys's
creek,creeks's,creekely,creeking,creekly,creeked,creekes,creek's,creeke,creeks
electrons,electrone,electronality,electronative,electronating,electronation,electronicing,electronicity,electronicals,electronics's,electronizing,electronally,electroneics,electroneers,electronized,electronizes,electronicly,electroniced,electronical,electronic's,electronness,electronization,electronications,electroneering,electronics,electronism,electronity,electroning,electroneic,electronize,electron's,electrones,electronic,electronal,electronication,electron,electronically,electronicness
clearance,clearanci,clearancs,clearanced,clearances,clearancer,clearanceated,clearances's,clearance's,clearancies,clearancing,clearanceability,clearanc
man,mans,manlies,manlied,manli's,manly's,manness,manning,manfulness,man's,manly,manli,manfully,manlis's,mannings,mannings's,mannesses,mannessed,manness's,manning's,manful,mans's,manned,manlys,manlis
flushed,flushes,flushly,flush's,flushing,flushe,flushs,flush,flushing's,flushingly,flushings,flushness
map,maps,mapness,mapping,map's,mapping's,mappings,mapped,maps's
questionability,questionable's,questionables,questionality,questionators,questionating,questional,questionly,questionic,questioned,questioner,questiones,questioneable,question's,questioneer's,questionement,questioning's,questioningly,questionnings,questionated,questionator,questionally,questionable,questionably,questioner's,questioneers,questions,questione,questionized,questionings,questionible,questionic's,questionning,questioners,questioneer,questioneds,questionate,questions's,questionned,questionize,questioning,questioneering,questioneers's,question,questionableness
storeness,storing's,storingly,storeing,storee's,storedly,storeful,stores's,storings,store,storefully,stores,storee,stored,store's,storely,storeds,storeed,storees,storing
healthfulnesses,healthful,healthing,healths's,healthness,health,healthfulness,healthelying,healthly,healthli,healthes,healthed,health's,healthfully,healthe,healths
cheapeness,cheapnesses,cheapings,cheapness,cheap,cheaping,cheapful,cheapely,cheape's,cheapes,cheaped,cheap's,cheaps,cheape
pacificate,pacificity,pacifism's,pacifivity,pacificates,pacificated,pacificator,pacifically,pacificness,pacife,pacificational,pacification's,pacificating,pacification,pacificators,pacif,pacifer's,pacifeers,pacifical,pacificed,pacificly,pacific's,pacifisms,pacifications,pacifeic,pacifers,pacifism,pacifing,pacifity,pacifics,pacific,pacifed,pacifer
septice,septics,septicity,septicism,septic,septical,septic's,septices,septicer,septically
discoverie,discoveris,discoverys,discoveryed,discovery's,discoveri's,discoveried,discoveries,discoverier,discoveriers,discoveriing,discoverying,discoveri,discovery
tenderloin's,tenderloiner,tenderloined,tenderloins,tenderloine,tenderloin
washer,washere's,washerful,washering,washerred,washere,washers,washered,washeres,washer's
reportability,reports,reporte,reportables,reportately,reportative,reportation,reportedlys,reportealing,reporters's,reporterred,reportering,reporting's,reportional,reportingly,reportive's,reportively,reporttedly,reportated,reportator,reportably,reportable,reporter's,reportes's,reporterly,reportered,reportence,reporteing,reported's,reportedly,reportizer,reportitis,reportives,reportings,reportting,reported,reportes,reporter,reportal,reportly,report's,report,reportings's,reportioning,reportted,reports's,reportion,reporting,reportize,reportive,reportics,reportate,reportant,reportals,reportely,reporteli,reporteer,reporteds,reporters,reportent,reporteal,reportations
pamperations,pampers,pampere,pamperedly,pamperered,pampereing,pamperings,pamperring,pamper,pamperers,pampering,pamperize,pampers's,pamperred,pamperly,pamperer,pamperes,pampered,pamper's,pampering's,pamperingly
kenmorer,kenmores,kenmor,kenmors,kenmore,kenmore's
movements,movemente,movementality,movementation,movementations,movementement,movement,movementfully,movementitis,movementives,movementical,movementness,movementment,movements's,movementism,movementize,movemental,movementer,movementes,movemented,movement's
returns,returne,returnables,returnation,returnering,returnable's,return,returnate,returneds,returners,returning,returnity,returnned,returns's,returnes,returner,returned,returnal,returnly,return's,returnability,returnably,returnable,returneing,returner's,returnence,returnible,returnings,returnment,returnning,returnerings
franchisal,franchises,franchiser,franchised,franchise,franchisability,franchisable,franchiseers,franchiseing,franchiser's,franchisered,franchises's,franchisings,franchisant,franchising,franchisely,franchiseds,franchisent,franchisers,franchise's,franchisibility,franchiseability,franchisation,franchiseable,franchisement,franchising's
trombones,tromboner,tromboned,trombonly,trombon,trombone,trombons,trombone's,trombonate,tromboning,tromboneal,tromboners,trombonator,trombonisms,trombonating
casinoe,casinos,casino's,casinoed,casinoes,casinoer,casinoal,casinoization,casinoation,casino,casinoent,casinos's,casinoism,casinoing
vldl,vldl's
missouriants,missouri's,missourier,missouries,missourial,missouriallied,missouri,missoury,missouris,missourie
diet,diet's,dieted,dietes,dietly,dietli,dieting's,diets's,dieting,diete,diets,dieteing,dietings,dietting
that,thats,thatfully,thattings,thatlies,thatness,thatting,thatly,that's,thatted,thats's
high,highnesses's,highe,highs,highful,highing,highe's,highely,highs's,highlys,higheness,highlying,high's,highly,highli,highes,highed,highnesses,highness's,highes's,highlies,highness,highlyed
stripping,strippeds,stripped's,strippings,strip,strips,strips's,stripped,strippingly,stripping's,strip's
hoov,hoove's,hooving,hoovs,hoove,hooves's,hoov's,hooved,hooves
uss,usse,ussefulness,ussefully,uss's,ussed,usses,ussing's,usseful,ussely,usseli,ussing,ussful
review's,reviewed,reviewal,reviewes,reviewer,reviewables,reviewering,reviewers's,reviewe,reviews,reviewing's,reviewability,review,reviewful,revieweer,revieweds,reviewers,reviewals,reviews's,reviewing,reviewable,reviewedly,revieweing,reviewence,reviewerly,reviewered,reviewer's,reviewiced,reviewings,reviewitis
stewartisms,stewartizer,stewartitis,stewartness,stewarte,stewarts,stewartization,stewartent,stewartism,stewarting,stewartize,stewarts's,stewartal,stewarter,stewarted,stewart's,stewart
employmentfully,employ,employement's,employibility,employables,employeer's,employement,employers's,employmented,employment's,employments,employ's,employed,employer,employes,employeement,employements,employable,employably,employance,employants,employed's,employeing,employeent,employeers,employeive,employer's,employents,employence,employeous,employered,employment,employing,employers,employent,employeds,employeer,employe's,employant,employability,employs,employe,employabilities,employability's
creditionals,creditations,creditabilities,creditibility,creditication,credits's,creditous,crediteer,crediters,creditals,creditate,credition,crediting,creditism,creditful,creditted,credital,creditic,crediter,credites,credited,creditly,credit's,creditionaled,creditableness,credite,credits,creditative,creditation,creditated,creditably,creditable,creditedly,creditions,creditings,creditible,creditting,creditional,creditionaling,creditability,credit
las,las's
bordere,borders,borderabilities,borderability,borderful,borderers,borderize,borderive,borderism,bordering,borders's,borderred,borderal,bordered,borderer,borderes,borderli,borderly,border's,borderizations,borderable,bordereing,borderered,borderer's,borderings,borderisms,borderness,border
all,alle,alls,allfulness,allnesses,all's,alles,alled,allelys,alleing,alles's,alledly,allings,allness,alleings,allely's,allfully,alling,allful,alleli,allely,alleds,alle's,alls's,alling's
mo,mo's,moed,moed's,moings,moeds,moing,moingly
down,downes,downed,downly,downli,down's,downes's,downings,downlies,downning,downness,downs,downe,downing's,downingly,downs's,downful,downe's,downing,downlying
coin,coined's,coinings,coinning,coinness,coins,coine,coins's,coinned,coining,coinly,coines,coined,coin's
pokerization,pokerability,pokere,pokers,poker,pokerator,pokerants,pokerance,pokerable,pokereize,pokerents,pokeritis,pokerings,pokerizer,pokerized,pokerness,pokerring,pokerreds,pokeral,pokeres,pokerer,pokered,pokeric,pokerli,poker's,pokericities,pokereants,pokericity,pokerallied,pokerers,pokerent,pokereal,pokerant,pokerize,pokerics,pokerism,pokering,pokerful,pokerred,pokers's,pokerous
heateration,heater,heateres,heaterer,heatered,heater's,heatering,heaters's,heatere,heaters
moth,moth's,mothes,mothed,mothli,mothly,moths,mothe,mothfuls,mothings,moths's,motheds,mothe's,mothing,mothful,mothingly,mothing's
pressureatings,pressurred,pressuring,pressurize,pressurent,pressurers,pressurant,pressure's,pressure,pressurs,pressuration,pressureence,pressureized,pressurering,pressurefully,pressuringly,pressurizers,pressurizing,pressurements,pressurable,pressurants,pressureize,pressuredly,pressureful,pressureing,pressurered,pressurized,pressurizes,pressurizer,pressurring,pressurer,pressures,pressured,pressural,pressur,pressurization,pressurizations
margarine,margarins,margarinalize,margarinealized,margarinal,margarined,margarines,margarine's,margarinate,margarin
hearteness,heartfully,heartingly,heart,hearts,hearte,heartnessed,heartfulness,heartedly,hearted's,heartfuls,heartings,heartlies,heartlyed,heartly's,heartness,heartted,hearts's,hearting,heartful,heartely,hearteds,hearte's,heart's,heartly,hearted,heartes
uranus's,uranuses,uranuse,uranus
sore,soreli's,soreness,sorefully,sored,soree,sores,soreing,sorelis,sorelys,sores's,soreely,soredly,soreful,sorings,sorenesses,soreds,sorees,soreli,sorely,sore's,soring
lake,lakee,laked,lakes,lakefully,lakefuls,lakelies,lakeness,laking's,lakes's,lakelis,lakeing,lakeful,lakings,laking,lakely,lakeli,lakeds,lakees,lake's
heat,heats,heate,heat's,heatly,heates,heated,heated's,heateing,heatedly,heatings,heatness,heatly's,heatting,heately's,heatfully,heatingly,heating's,heattedly,heatful,heately,heateds,heatted,heating,heatlys
marthae,marthas,marthaness,marthas's,marthaes,marthaed,martha's,martha
asbesto,asbestos's,asbestoes,asbestos,asbestoe
arizona,arizonas,arizonae,arizonaness,arizonaal,arizonaes,arizona's,arizonaize,arizonaeer,arizonaallied
universalizations,universalization,universed,universes,universer,universal,universability,universityeds,universalism's,universality's,universalities,universalizers,universalizing,universant,universals,universers,universely,universeal,universe's,universism,universiti,university,universive,universing,universion,universalizes,universalizer,universalized,universalisms,universalness,universallis,universaling,universalism,universality,universalize,universation,universative,universeness,universioned,universities,universitied,universiti's,universityed,university's,universably,universable,universator,universal's,universally,universeity,universitis,universitys,universical,universible,universe,universalnesses,universities's
phoneing,phones's,phonelis,phoned,phonee,phones,phone,phone's,phoning,phoneed,phonees,phoneds,phonely
best,bestely,beste's,bests's,besting,beste,bests,bested,bestes,bestli,bestly,best's,besteing,bestings,bestlies,bestness,bestting
ron,rons,ronness,ronneds,ronning,ronnings,ron's,ronly,ronli,ronlys,rons's,ronned,ronning's
and,ande,ands,and's,andli,andly,anded,andeness,andeli's,andelied,andfully,anding's,andingly,andlying,andeli,andely,andeds,ande's,andded,anding,andful,andding,andfuls,andelys,andelis,andes's,andeing,andings,andlies,andness
design,designant,designate,designe's,designned,designous,designs's,designent,designers,designeds,designeer,designful,designism,designity,designize,designing,designabilities,designements,designerings,designerness,designerring,designationally,designables,designality,designanted,designate's,designateds,designating,designation,designately,designative,designators,designeated,designeally,designering,designers's,designerred,designfully,designationed,designational,designation's,designatively,designingly,designing's,designity's,designities,designizing,designments,designability,designe,designs,designisms's,designic,designli,designly,designal,designed,designer,designes,design's,designator,designated,designates,designants,designable,designered,designerly,designer's,designeing,designeers,designedly,designiced,designical,designized,designitis,designisms,designings,designment,designning,designness,designallied,designatedly,designatives,designations,designatings,designator's
of,ofs,of's,offingly,offing,offeds,ofness,offings,offully,offul,offed,ofs's
men,mens,men's,menly,menli,menlied,menning,menness,menning's,mennings,mens's,menned
smoking's,smokingly,smokeing,smokee's,smokings,smoke's,smokely,smokeds,smokees,smokeed,smoking,smoke,smokes,smoked,smokee
universalizations,universalization,universed,universes,universer,universal,universability,universityeds,universalism's,universality's,universalities,universalizers,universalizing,universant,universals,universers,universely,universeal,universe's,universism,universiti,university,universive,universing,universion,universalizes,universalizer,universalized,universalisms,universalness,universallis,universaling,universalism,universality,universalize,universation,universative,universeness,universioned,universities,universitied,universiti's,universityed,university's,universably,universable,universator,universal's,universally,universeity,universitis,universitys,universical,universible,universe,universalnesses,universities's
on,ons,on's,onli,onlying,onned's,only's,onlyed,onlies,onness,onning,onful,onlys,onlis,onned,ons's
keyboarders,keyboardful,keyboarding,keyboardism,keyboards's,keyboarde,keyboards,keyboardes,keyboarder,keyboarded,keyboardly,keyboard's,keyboardability,keyboardable,keyboarder's,keyboardings,keyboardisms,keyboarditis,keyboardness,keyboard
or,ors,or's,orly,orli,orness,orly's,orli's,orlies,orring,orreds,orful,orlys,orlis,orred,ors's,orfully,orlying,orrings
sporting's,sportingly,sportely,sportful,sporting,sports's,sportfulnesses,sportings,sportness,sportting,sport,sport's,sportly,sportli,sported,sportes,sports,sporte,sportfulness,sportfully
raise,raised's,raisedly,raiseing,raiselis,raisings,raised,raises,raising,raiseli,raiseds,raise's,raisingly,raising's
sherwood's,sherwoodness,sherwoode,sherwoods,sherwood
koreans,koreane,koreanisms,koreanized,koreanness,korean's,koreanic,koreanly,koreaner,koreans's,koreaners,koreanent,koreanize,koreanism,koreaning,koreanent's,korean,koreanational,koreanization
orangeality,orangeism's,orangements,orangs,orange,orangered's,orange's,orangeer,orangeds,orangers,orangely,orangics,oranging,orangize,orangism,orang,orangic,oranger,oranges,oranged,orangal,orang's,orangator,orangeant,orangeate,oranged's,orangeism,orangeful,orangered,orangeous,oranger's,oranges's,orangelis,orangisms,orangized,orangizer,orangness,orangization's,orangization,orangizations,orangeally,orangeness,orangement,orangerful,orangereds,orangizers,orangizing
phoenixe,phoenixs,phoenixic,phoenixes,phoenixer,phoenixed,phoenixal,phoenix's,phoenixing,phoenixism,phoenixity,phoenixers,phoenixness,phoenix
paintfully,paint's,painted,paintes,paintly,painting's,painttings,painte,paints,paint,paints's,paintful,painting,painteds,paintted,paintings's,painted's,painteing,paintings,paintlies,paintness,paintting
hummingbird,hummingbirded,hummingbird's,hummingbirds,hummingbirding,hummingbirders,hummingbirds's,hummingbirdness
onlines,onliner,onlined,onlins,online,onlining,online's,onliners,onlineli,onlineer,onlineds,onlineal,onlineational,onlineability,onlin,onliner's,onlinered,onlines's,onlineing,onlineive,onlineers,onlineent,onlineable,onlineants,onlineness,onlinering,onlinities
sonomae,sonomas,sonoma,sonoma's
fenc,fenced,fences,fenceful,fenceing,fences's,fencings,fencs,fence,fencing,fence's,fenceds,fencingly,fencing's
wall,walles,walled,wall's,walls's,walle's,walleds,wallful,walling,walled's,wallfuls,wallings,wallness,walls,walle,walling's
ps,ps's
jointingly,jointedly,jointings,jointness,jointlies,joint,jointes,jointed,jointly,joint's,joints,jointe,joints's,jointing,jointely
countie's,countiing,countying,countys's,counties's,countys,countis,countie,county's,countied,counties,county,counti
mgb,mgb's
mountainization,mountainousnesses,mountaineer's,mountaineered,mountainering,mountaineers,mountainer's,mountaineous,mountainical,mountainized,mountainness,mountainlying,mountainously,mountain,mountaineering's,mountainousness,mountainity,mountainize,mountaining,mountainism,mountainful,mountainers,mountaineer,mountains's,mountainous,mountaine,mountains,mountaineers's,mountaineering,mountainerring,mountainly,mountained,mountainer,mountaines,mountain's,mountaineerings,mountaineerring
403b,403b's
prep,prepping,prep's,preps,preps's,prepped
dutchesse,dutchess,dutchess's,dutchesses
kcs,kcs's
statefully,statelying,stately's,stateness,stating's,statingly,state,statefulness,states,statee,stated,statelys,statelis,states's,stateely,statedly,statee's,stated's,stateing,stateful,statings,state's,stateds,statees,stateed,stateli,stately,stating
band,bandding,bandeing,bandelis,bandings,bandlied,bandness,bande,bands,banding's,banding,bandeli,bandeds,bandful,bande's,bandded,bands's,banded,bandes,bandly,bandli,band's
resorts,resorte,resort,resortations,resorts's,resortals,resortant,resorters,resortent,resortely,resortful,resorte's,resorteer,resorteal,resortism,resorting,resortable,resortalli,resortal's,resorter's,resortized,resortings,resortlies,resortment,resorter,resortes,resorted,resortal,resort's,resortative,resortation,resortlying
jax,jaxs,jaxe,jax's,jaxed,jaxes,jaxing,jaxe's
uplifte,uplifts,upliftment's,upliftement,upliftingly,upliftments,uplifted,upliftes,uplifter,uplift's,upliftance,upliftable,uplifteing,uplifter's,upliftings,upliftment,upliftting,uplift,uplifting,uplifters,upliftent,uplifteer
old,olds,olde,olde's,oldeli,oldeds,olding,olds's,old's,olded,oldes,oldli,oldly,oldnesses,olding's,oldings,oldlies,oldness
mitcheleness,mitchellisms,mitchellitis,mitchellness,mitchele's,mitchelled,mitchellal,mitchell's,mitchellent,mitchells's,mitchelling,mitchelness,mitchells,mitcheler,mitchel's,mitchele,mitchels,mitchell,mitchel
brooking's,brookings's,brook,brooke's,brookely,brooking,brooks's,brookes's,brookings,brookli,brookes,brooked,brookly,brook's,brooks,brooke
yellowstone,yellowstone's,yellowstoning,yellowstoner's,yellowston's,yellowstoned,yellowstoner,yellowstones,yellowston
horseds,horsely,horseli,horsing,horse's,horse,horsed,horses,horses's,horseful,horseing,horsness,horsely's,horseness,horsing's,horsefully
toiletfully,toiletization,toileteer,toileters,toilets's,toiletted,toileting,toiletism,toileteers,toiletness,toiletting,toileted,toileter,toiletes,toilet's,toilete,toilets,toilet
carltone,carltons,carlton's,carltones,carltoned,carlton,carltonized
alexians,alexiane,alexian's,alexianer,alexian
anim,animable,animancy,animants,animal's,animaled,animally,animates,animated,animator,animeing,animeism,animeful,animence,animeous,animes's,animeals,animeate,animisms,animizer,animized,animical,animalitis,animalisms,animalitys,animalized,animalizes,animalizer,animally's,animalness,animancies,animaling,animalize,animality,animalism,animals's,animant's,animanted,animate's,animateds,animately,animation,animating,animative,animators,animated's,animatedly,animateing,animatings,animations,animator's,animatored,animeated,animeator,animeizes,animeness,animering,animism's,animities,animatenesses,animously,animateness,animating's,animatingly,animation's,animational,animationed,anims,anime,animability,animationing,animations's,animalism's,animality's,animalities,animalizers,animalizing,animalizations,animeality,animeation,animeicity,animationally,animerings,animationalism,animli,animic,animed,animes,animer,animal,anim's,animalization,animics,animeli,animeic,animeer,animers,animiti,animity,animism,animize,animous,animeal,anime's,animals,animate,animant,animically
iowa,iowas,iowae,iowas's,iowaely,iowaed,iowa's,iowaness
fact,fact's,factly,factes,facted,facts,facte,factfulness,factedly,factings,factness,facts's,facting,factful,facte's
panel's,paneler,paneles,paneled,panells,panell,panels,panele,panel,panelitis,panelizer,panelizes,panelized,panelings,panelling,panellize,panelization,panelables,panelement,paneling's,panelizing,panelizers,panellings,panellized,panels's,panelous,paneller,panelled,panell's,panelize,paneling,panelism,panelers
northwester's,northwesterly,northwestness,northwestering,northwesters,northwests,northweste,northwest,northwester,northwested,northwest's,northwestly,northwesterlies
jacksonville,jacksonvilles,jacksonville's
illinoi,illinois's,illinois,illinoie,illinoi's,illinoies
sun,suns,sunning's,sunningly,sunli's,sunning,sunneds,sunness,sun's,sunli,sunly,sunfully,sunlying,sunnings,suns's,sunful,sunlis,sunned
scooter,scooters,scootere,scootering's,scooterred,scooterate,scooterism,scootering,scooterers,scooterent,scooterized,scooterisms,scooterring,scootered,scooterer,scooteres,scooterly,scooter's
long,longeing,longging,longings,longli's,longness,longe's,longlys,longlis,longful,longged,longely,longing,longs's,longnesses,longe,longs,longfully,longingly,longing's,longli,longed,longes,longly,long's
sc,sc's
currente,currents,current,currentates,currentally,currentence,currenteers,currently's,currentlies,currentness,currental,currenter,currentes,currented,current's,currently,currentators,currentation,currentently,currentingly,currentlying,currentments,currentism,currentity,currenting,currention,currenters,currentely,currentate,currents's,currentlys
diverseability,diverseabilities,diverse,diversabilities,diversed,diverser,diverses,diversal,diversibility,diversants,diverseity,diversence,diversitys,diversible,diversions,diversness,diversication,diversality,diversative,diversation,diversement,diverseness,diversion's,diversioned,diversities,diversitied,diversity's,diversityed,diversivity,diversiveness,diversely,diversent,diverse's,diverseal,diversals,diversant,diversiti,diversity,diversive,diversing,diversion,diversitying,diversability
voyagant,voyage's,voyagely,voyageer,voyagers,voyagent,voyaging,voyaged,voyager,voyages,voyag,voyagements,voyageable,voyageants,voyagement,voyageant,voyages's,voyager's,voyagings,voyags,voyage
sf,sf's
are,ares,aree,ared,areed's,areeing,areelis,areli's,arelied,areness,arely's,arefulness,aring's,are's,areds,areed,areli,arely,arees,aring,aredly,areely,areeli,areeds,ared's,aree's,ares's,areing,areful,arelys,arelis,arings,areeings,arefully,arelis's,arelys's,arenessing
vanuatu's,vanuatu,vanuatue
cemeteriness,cemeteri,cemetery,cemeterie,cemeteris,cemeterys,cemeterial,cemeteries,cemeteried,cemetery's,cemeteriers,cemeterying
cut,cuts,cutness,cutteds,cutting,cutting's,cuttingly,cut's,cutly,cuttings,cutlis,cutted,cuts's
art,arte,arts,artedly,artfuls,artelis,artelys,arteful,artes's,artings,artlies,artness,art's,artli,artly,arted,artes,arteli's,artful's,artfully,arting's,arttings,artfulnesses,artfulness,artefully,artlis,artlys,arts's,arteds,arteli,artely,arte's,arting,artful
blackely,blackful,blacking,blacklis,blacklys,blacks's,blacke's,black,blackness's,blacknesses,blacks,blacke,blackly,blackli,blackes,blacked,black's,blackeness,blackfully,blacking's,blackeing,blackings,blacklies,blackness
storeness,storing's,storingly,storeing,storee's,storedly,storeful,stores's,storings,store,storefully,stores,storee,stored,store's,storely,storeds,storeed,storees,storing
serviceableness,servicibility,servicableness,servicer,services,serviced,servic's,servical,service's,serviceal,serviceer,serviceds,serviceli,servicely,servicers,servicals,servicous,servicing,servicity,servicefulness,serviceables,servics,service,servicator,servicably,servicable,serviced's,serviceing,serviceity,serviceive,serviceers,serviceful,servicered,servicer's,services's,servicence,servicible,servicings,servicitis,servicized,servicment,servicization,servic,servicability,serviceational,serviceability,serviceableness's,serviceable,serviceably,serviceally,serviceence,serviceical,serviceness,servicement,servicering,servicing's,servicizing,serviceabilities,servicments
flowers,flowere,flower,flowerered,flowerer's,flowereing,flowerings,flowerized,flowerlies,flowerness,flowerring,flowerers,flowereds,flowerful,flowerism,flowerize,flowering,flowerals,flowerred,flowers's,flowerfulness,floweral,floweric,floweres,flowerer,flowered,flowerly,flower's,flowerering,flowererful,flowering's,flowerrings
inuyashas,inuyasha,inuyasha's
wilsons,wilsone,wilsonizing,wilson,wilsons's,wilsonent,wilsonism,wilsonics,wilsoning,wilsonator,wilsonitis,wilsonisms,wilsonings,wilsonizer,wilsonli,wilsonic,wilsoned,wilsonly,wilsonal,wilson's
fish,fishes's,fisheing,fishelis,fishings,fishness,fish's,fished,fishes,fishli,fishly,fishe,fishs,fishing's,fishe's,fishful,fisheli,fishing
tn,tn's
quit,quitedly,quiteful,quiteing,quitelys,quitings,quitness,quitting,quite,quits,quite's,quitely,quiting,quitted,quitting's,quit's,quites,quited,quitly,quitli,quitely's,quiteness,quittings
to,to's,toed,toeds,toing,toed's,toings
insurate,insurant,insure's,insurred,insureds,insurent,insurers,insuriti,insurity,insuring,insurances's,insuranceing,insurable,insurance,insuranci,insurancy,insurants,insurator,insureant,insured's,insureers,insureing,insurence,insurency,insurents,insurered,insurer's,insurings,insurment,insurring,insured,insurer,insures,insural,insureability,insur,insurables,insurances,insurant's,insuration,insurative,insureable,insureants,insureance,insureents,insureence,insurences,insurement,insurers's,insurities,insurity's,insurments,insurance's,insurancies,insurs,insure,insurability,insurabilities,insureables,insureances
tv,tv's
medicalizations,medicational,medication's,medicications,medic,medicationally,medicals's,medicalize,medicality,medicalism,medicant's,medicators,medicative,medicating,medication,medicalizers,medicalizing,medicences,medicity's,medicities,medicments,medical,medicer,medices,mediced,medicic,medic's,medicalization's,medicalization,medicically,mediceer,medicent,mediceal,medicing,mediciti,medicity,medicive,medicize,medics's,medicant,medicals,medicate,medicalized,medicalizes,medicalness,medicateing,medications,medicication,medicator,medicates,medicated,medicants,medicance,medicancy,medically,medicalli,medicaled,medical's,medicably,medicable,medicence,medicical,medicitys,medicment,medice,medics
becom's,becomed,becomer,becomes,become's,becomers,becomely,becommed,becomics,becoming,becom,becomeing,becomings,becomming,becommented,becommingly,becomeallies,becoms,become,becomeable,becomingly,becoming's,becomments
floridaness,florida,floridaing,floridaity,floridaent,floridaers,floridas's,floridaement,floridas,floridae,florida's,floridaed,floridaes,floridaer
sourcefulness,sourc,sources,sourced,sourcing,sourceds,source's,source,sourcs,sources's,sourceing,sourceful,sourcedly,sourcings,sourceness,sourcing's
schools,schoole,school's,schooles,schooled,schoolful,schooling,schools's,school,schooleing,schoolings,schoolness,schooling's
furniture's,furniturers,furnituring,furnitureables,furniturealli,furnitur,furniturings,furniturs,furniture,furnitured,furnitures,furniturer,furnitural
yahooe,yahoos,yahoo,yahoo's,yahooed,yahooes,yahooing,yahoos's
lick,licked's,lickedly,lickings,lickly's,lickness,licke,licks,licking's,lickingly,lickely,lickeds,licking,licks's,licked,lickes,lickli,lickly,lick's
dog,dogs,dogged,dogful,dogs's,doglis,doggingly,dog's,dogli,dogly,dogfully,doggedly,doggings,dogging,dogness
hous,houseful,houseing,houses's,housings,housness,house's,houseds,housely,housing,house,housnesses,housefully,hous's,housed,houses,housefuls,houseings,houselied,housely's,houseness,housfully,housing's
california,californias,californiae,californiaallied,californias's,californiaism,californiaable,californiaized,californianess,californiaed,californiaal,california's
shooteing,shootings,shootting,shoot,shoote,shoots,shoot's,shootes,shootly,shooted,shoots's,shooting,shooting's,shoottings
militariant,militarys's,militarial,militaries,militari's,militaryed,military's,militarys,militaris,militarie,militarialism,militariation,military,militari,militarially,militaries's,militariness
up,ups,up's,upfully,uppings,upful,ups's,upped,upfulness,upfulness's,upness,upping
us,us's,usful,usfully,usness,usfulness
budget's,budgetly,budgeted,budgetes,budgeter,budgetal,budgeteer's,budgetering,budgeting's,budgetizing,budgetable,budgeteers,budgeter's,budgetered,budgetings,budgetizer,budgetized,budgetitis,budgetness,budgetting,budgeteating,budgeteering,budgeters,budgeteer,budgetize,budgetism,budgetive,budgeting,budgetics,budgetted,budgets,budgete,budget,budgetization,budgetability
last,lasts,laste,lastingly,lastings's,lasteing,lastings,lastness,lastting,lasting,lastful,lastely,laste's,lastes,lasted,lastli,lastly,last's
paraleg,paralegal,paralegic,paralegals's,paralegaling,paralegality,paralegalism,paralegals,paralegal's
va,va's,vaed,vaing
pro,proing,proeds,pro's,proed
laboratorial,laboratoried,laboratories,laboratorier,laboratory's,laboratoryed,laboratorie's,laboratorying,laboratorys,laboratorie,laboratoris,laboratori,laboratory,laboratorially,laboratories's
space,spaceed's,spaceings,spacely's,spaceness,spacing's,space's,spaceds,spacees,spaceed,spacely,spacing,spaces's,spacelys,spaceing,spaceful,spacedly,spacings,spacee,spaced,spaces,spacefulness,spacefully
design,designant,designate,designe's,designned,designous,designs's,designent,designers,designeds,designeer,designful,designism,designity,designize,designing,designabilities,designements,designerings,designerness,designerring,designationally,designables,designality,designanted,designate's,designateds,designating,designation,designately,designative,designators,designeated,designeally,designering,designers's,designerred,designfully,designationed,designational,designation's,designatively,designingly,designing's,designity's,designities,designizing,designments,designability,designe,designs,designisms's,designic,designli,designly,designal,designed,designer,designes,design's,designator,designated,designates,designants,designable,designered,designerly,designer's,designeing,designeers,designedly,designiced,designical,designized,designitis,designisms,designings,designment,designning,designness,designallied,designatedly,designatives,designations,designatings,designator's
supportiveness,support,supportable,supportably,supportator,supportated,supportance,supportants,supporter's,supportered,supporteers,supportedly,supportives,supportible,supportings,supportions,supportment,supportting,supportables,supportanted,supportateli,supportation,supportative,supportering,supporters's,supporterness,supportfully,supportingly,supportively,supporttings,supportatively,supportability,supportableness's,supportize,supportism,supportive,supportion,supporting,supporters,supportent,supporteer,supporteds,supportful,supportted,supports's,supportant,supportate,supports,supporte,supportations,supportes,supporter,supported,supportal,supportly,support's
internet's,internetal,internetes,interneter,interneted,internetic,internetly,internetionally,internet,internetational,internetable,internetably,internetally,internetants,internetedly,internetence,internetical,internetisms,internetitis,internetizer,internetized,internetness,internetting,internetization,internetalization,internetability,internetals,interneteer,interneters,internetion,interneting,internetism,internetive,internetize,internetics,internetous,internets's,internetted,internetically,internetionals,internetalized,internetivity's,internets,internete,internetables,internetating,internetfully,interneticals,internetional,internetivity,internetizing,interneteating,internettings
memorialized,memorializes,memorializer,memorializers,memorializing,memoriable,memorially,memoriance,memorial's,memories's,memoriant,memorials,memorie's,memoriers,memorieal,memorieds,memorious,memorying,memorie,memoris,memorys,memorials's,memoriality,memorialism,memorialize,memoryed,memory's,memorial,memoried,memories,memorier,memori's,memoriously,memorialization,memorializations,memory,memori
braziller,brazillal,brazils's,brazile's,brazilers,brazility,brazilive,braziling,brazill's,brazillive,brazilness,brazilation,brazile,brazill,brazils,braziller's,brazillives,brazilization,brazil,braziled,braziler,braziles,brazills,brazil's
classfulness,class's,classes,classed,class,classeds,classe's,classing,classful,classe,classfully,classing's,classes's,classeing,classfuls,classings,classness
show,showe,shows,showes,showed,show's,showing,showe's,showeds,shows's,showeing,showfuls,showings,showness,showing's,showingly
ritz,ritzs,ritze,ritzing,ritzed,ritzes,ritz's
hoboken,hobokens,hoboken's
not,nots,notted,notting's,nottingly,not's,notli,notly,notfully,notness,notting,nottings
charlestons,charlestone,charlestoning,charlestoners,charleston's,charlestones,charlestoned,charleston
poem,poemings,poemness,poemed,poemes,poem's,poeme,poems,poems's,poeming,poemmed
gas,gas's
avp,avpe,avps,avp's,avpes
conventionalities,conventionality's,conventionally,conventational,conventionalisms,conventionality,conventionalism,conventable,conventance,conventants,conventally,conventence,conventeers,conventible,conventical,conventions,convent,conventing,convention,conventive,conventely,conventent,conventant,conventation,conventions's,conventionned,conventioning,conventionals,conventently,conventionly,convention's,conventioned,conventional,conventities,convently,conventes,conventer,convented,conventic,convent's,convental,conventations,convente,convents
patrole,patroll,patrols,patroleing,patrolling,patrollive,patrollers,patrollate,patrolment,patrollable,patroller's,patrollings,patrol,patrolling's,patrolal,patroled,patroler,patroles,patrolls,patrol's,patrols's,patroller,patrolled,patroling,patroll's,patrolers,patroleer
news,newses,newsed,newsfully,newsings,newsness,newse,newsful,newsely,newsing
pain,pains's,painful,paining,paine's,pain's,pained,painly,paines,pains,paine,painefully,painedly,paineful,paines's,paineing,painfuls,painings,painning,painness,painfulness,painfulnesses,painfully,painful's,painingly
diseasal,diseaser,diseases,diseased,diseasements,diseaseive,diseasedly,diseaseful,diseased's,diseases's,diseasered,disease,diseasement,diseasefulness,diseasing,diseasism,diseasers,diseaseds,diseaseli,disease's
centeration,centering's,centeringly,centeralized,centeralizes,centerrings,centeralization,centerally,centerance,centerable,centered's,centeredly,centereing,centerence,centereous,centerered,centerings,centeritis,centerized,centerizer,centerlied,centerness,centerring,centere,centers,centereal,centerant,centerals,centere's,centerize,centerism,centerics,centering,centerers,centerent,centerred,centers's,centerization,centereating,centeralizing,centeric,centerly,centerli,centeral,centered,centeres,centerer,center's,center
war,wars,warful,warlis,wars's,warred,warlies,warness,warring,war's,warly,warli,warfully,warrings,warringly,warring's,warfulness
suppers,suppere,suppereals,supperment,supperring,supper,supperer,supperes,suppered,supper's,suppering,supperers,supperate,supperative,supperating,supperation
bart,barts,barte,barteing,bartelis,bartly's,bartness,bartely's,barting's,barts's,barting,bartlis,barteli,bartely,barte's,bartly,bartli,barted,bartes,bart's
fairgroundes,fairground's,fairground,fairgrounds's,fairgrounde,fairgrounds
equalization,equalance,equalancy,equalents,equalized,equalizes,equalizer,equalitys,equalings,equallant,equallize,equalling,equallity,equallent,equalness,equalent,equaliti,equality,equalism,equaling,equalize,equalive,equaller,equalled,equalant,equallys,equals's,equall,equals,equale,equallization,equalizations,equal,equalation,equal's,equaled,equales,equaler,equally,equalli,equalls,equalement,equalities,equality's,equalizers,equalizing,equallable,equallized,equallizes,equallizer,equallying,equalization's,equalizeing,equalizer's
cell,celle,cells,celle's,celling,cells's,celleing,cellings,cellness,cell's,celles,celled
hotelable,hotelence,hotelling,hotellive,hotellers,hotel's,hotelic,hoteled,hoteler,hoteles,hotelal,hotells,hotelling's,hotel,hotelation,hotelelies,hotelement,hotelfully,hotelealing,hoteling's,hoteller's,hotellings,hoteleering,hotell,hotels,hotele,hotelers,hotelent,hoteleal,hotels's,hotell's,hotelism,hotelity,hoteling,hotelled,hoteller
battleful,battleing,battles's,battlings,battl,battleness,battling's,battling,battleds,battle's,battled,battles,battls,battle
flameful,flameing,flamelis,flames's,flamings,flameness,flaming's,flamingly,flame's,flameli,flameed,flameds,flamees,flamely,flaming,flames,flamed,flamee,flame
culpepe,culpeper's,culpepers,culpeper,culpep
indiana,indiana's,indianaed,indianas,indianae,indianaent
antennas,antennae,antennas's,antennaing,antennae's,antennaeful,antennaeing,antennaness,antennaes,antennaer,antennaed,antenna's,antenna
espn,espn's,espned,espnes,espns,espne,espning
danger,dangeral,dangerly,dangered,dangerer,dangeres,danger's,dangerality,dangerism's,dangerizing,dangerously,dangerous's,dangerization,dangers,dangere,dangerful,dangerism,dangering,dangerics,dangerous,dangerred,dangereously,dangerously's,dangerouslies,dangerousness,dangerable,dangereous,dangerings,dangerlies,dangerness,dangerouslys
yorktown,yorktowners,yorktowne's,yorktowne,yorktowns,yorktown's
brewsters's,brewsters,brewstere,brewster,brewster's,brewstered
reach's,reaches,reached,reachly,reaching's,reachingly,reach,reache,reachs,reachful,reacheds,reachely,reaching,reaches's,reacheing,reachings,reachness
programically,programate,programe's,programeer,programers,programics,programity,programism,programing,programize,programmed,programous,programs's,programations,programe,programs,program's,programed,programer,programes,programic,programli,programly,programal,programibility,programming's,programmingly,programeating,programables,programating,programation,programators,programeable,programering,programancy,programants,programable,programably,programated,programator,programeing,programeers,programeous,programer's,programence,programible,programical,programives,programings,programized,programming,programment,programfully,programness,programing's,programmedly,programmings,program,programational,programization,programability
cass,cassing's,cassing,casse's,cassely,casseli,casselys,casselis,cassings,cassness,cassness's,casse,cass's,casses,cassed
ontario's,ontarioe,ontarios,ontario,ontarioals
game,gameness's,games's,gameful,gameing,gamedly,gamings,gaming,gameds,gameed,gamees,gameli,gamely,game's,games,gamee,gamed,gamefulness,gameings,gameness,gaming's,gamefully
weatherabilities,weatherization,weatherability,weathers,weathere,weatherization's,weatherable,weatheral's,weathered's,weatherered,weatherings,weatherizer,weatherizes,weatherized,weatherly's,weatherment,weatherness,weatherring,weatheribility,weather,weathereds,weatherely,weatherers,weatherate,weatherlys,weathering,weatherize,weatherful,weathers's,weatherred,weatherous,weatherate's,weathering's,weatherizers,weatherizing,weatherred's,weathereating,weatherly,weatherli,weatheres,weatherer,weathered,weatheral,weather's,weatherizations
pvc,pvc's
ficklness,fickle,fickle's,ficklely,fickling,fickl,fickleness's,ficklenesses,fickleness,fickling's,ficklingly,fickles,fickled
calcule,calculs,calcull,calculatedly,calculateing,calculatings,calculations,calculator's,calculeations,calcullation,calcullating,calcullators,calcullations,calculous,calculing,calculent,calculeer,calculate,calculant,calculed,calcules,calculer,calculic,calculls,calculibility,calculeating,calculeation,calculeators,calculables,calculateds,calculate's,calculation,calculating,calculative,calculators,calculeator,calculableness,calcullated,calcullator,calculativeness,calculable,calculably,calculated,calculates,calculator,calculaled,calculeate,calcullate,calculabilities,calculatingly,calculational,calculation's,calculativity,calculatively,calculators's,calculatoring,calcul,calculability,calculationally
throate,throats,throating,throateds,throatful,throat's,throatly,throated,throates,throatfuls,throated's,throatedly,throatings,throatting,throat
worm,worm's,wormes,wormly,wormed,wormelys,wormings,wormly's,wormming,wormness,wormeli's,worming's,wormingly,wormmings,worms,worme,worming,wormful,wormeli,wormely,worms's
indexicalism,indexicality,indexication,index's,indexic,indexes,indexed,indexer,indexal,indexical's,indexically,index,indexation's,indexant,indexate,indexeli,indexent,indexers,indexeds,indexeer,indexism,indexing,indexable's,indexization,indexability,indexations,indexicalities,indexs,indexe,indexables,indexality,indexation,indexering,indexibles,indexicals,indexicing,indexing's,indexibility,indexator,indexable,indexed's,indexer's,indexence,indexings,indexitis,indexicly,indexical,indexible
kansa,kansa's,kansaes,kansas's,kansaing,kansae,kansas
disneyland's,disneylander,disneylandic,disneylandization,disneylanding,disneylanders,disneyland,disneylande,disneylands
grill's,grilled,grilles,grilleds,grille's,grilling,grills's,grill,grills,grille,grillings,grilling's
phoneing,phones's,phonelis,phoned,phonee,phones,phone,phone's,phoning,phoneed,phonees,phoneds,phonely
registreer,registrers,registrant,registrals,registrate,registre's,registring,registrred,registr,registrations,registrator's,registrable,registrally,registrants,registrated,registrates,registrator,registreing,registrence,registrered,registrring,registral,registrer,registres,registred,registrly,registreation,registrs,registre,registrations's,registrerings,registrational,registration's,registrability,registrables,registrant's,registrative,registrating,registration,registrators,registrate's,registrement,registrering
care,careeds,careful,careing,cared's,caree's,carelis,carelys,cares's,carings,carefully,careful's,carelis's,carefulnesses,cares,cared,caree,carefullied,carefulness,careefully,carefullys,carefuling,care's,carely,careli,carees,careed,careds,caring,carefuls,careeful,careings,carelies,careness,caringly,caring's
continentalization,continentable,continentants,continental's,continentally,continentals's,continentalism,continentality,continentalize,continentities,continentization,continentalizing,continente,continentalized,continentalizes,continentals,continentism,continentent,continente's,continentes,continenter,continental
southely's,south,south's,southes,southed,southly,southing,southful,southe,souths,southings,southness
solarized's,solarator,solarance,solares's,solarizes,solarizer,solarized,solarness,solaricalism,solar,solar's,solarli,solaric,solared,solarer,solares,solarly,solaral,solare's,solarant,solarent,solarize,solarity,solarism,solaring,solarics,solarred,solars's,solare,solars,solarization,solarizers,solarizing,solarizations,solarically
tourism,tourisme's,tourismous,tourismism,tourisming,tourismeal,tourismes,tourismic,tourismal,tourism's,tourisms,tourisme
secretations,secretful,secretism,secretion,secreting,secretize,secretive,secrets's,secreteer,secreters,secretely,secretate,secretant,secretization,secrets,secrete,secretivenesses,secretation,secretative,secretement,secreteness,secretion's,secretional,secretioned,secretities,secretively,secretivity,secretizing,secretnesses,secretly,secretal,secreted,secretes,secreter,secret's,secretally,secretable,secreteers,secretedly,secretions,secretings,secretized,secretlies,secretness,secret,secretiveness
gem,gems,gemmed,gems's,gemful,gem's,gemly,gemli,gemming's,gemmings,gemness,gemming
rock,rockings,rocklies,rocklied,rockness,rockely,rockeds,rockful,rocke's,rocks's,rocking,rocking's,rockingly,rocks,rocke,rockes,rocked,rockly,rockli,rock's
madam's,madamer,madames,madamed,madames's,madamitis,madamings,madam,madaming,madamism,madame's,madameal,madamant,madame,madams
computationals,computionally,computerative,computation's,computationed,computational,computatively,computization,computings's,computability,computeability,computalized,computations,compute,computs,computability's,computabilities,computed,computer,computes,computables,computality,computating,computation,computative,computators,computeable,computeized,computement,computering,computerred,computers's,computted,computers,computent,computely,computeer,computeds,computize,computive,computity,computics,compution,computing,compute's,computate,computant,computing's,computingly,computional,computizing,computibility,computationality,computationalism,computeation,computationally,computational's,computication,computationalisms,computerness,computerring,comput,computator,computated,computates,computants,computancy,computable,computably,computedly,computed's,computer's,computency,computerly,computerli,computered,computeers,computeize,computeing,computions,computings,computible,computized,computting
porterville,porterville's
sew,sewe,sews,seweing,sewings,sew's,sewed,sewes,sewelies,sewing,sewe's,sewful,seweds,sewingly,sewing's
powerizer's,powerallies,powerallied,powerably,powerable,powerated,powereful,powereing,powered's,poweredly,powerered,powerfuls,powerisms,powerings,powerizer,powerized,powerlies,powerment,powerness,powerring,powerics,powerize,powerism,powerive,powering,powerers,powerely,powerent,powereal,powereds,powerful,powerate,powere's,powers's,powerred,powerous,powerizers's,powerability,powere,powers,power,poweric,powered,powerer,poweres,powerli,powerly,power's,poweral,powerabilities,powerating,powererful,powerful's,powerfully,poweringly,powerizers,powerizing,powerments,powerrings,powerfulness
sentinel's,sentineled,sentinelling,sentinellive,sentinel,sentinels,sentinell,sentinele,sentinels's,sentinelled,sentineling,sentinelism
newyorke,newyorks,newyorkality,newyorkering,newyorkers,newyorkable,newyorker's,newyorkisms,newyorkness,newyorked,newyorkes,newyorker,newyork's,newyork
vega,vegas's,veganess,vegae,vegas,vegaes,vegaed,vega's
song,songfulness,songfully,songs,songe,songe's,songful,songing,songlis,songs's,song's,songes,songed,songli,songly,songedly,songes's,songging,songli's,songness,songfulnesses
organally,organates,organator,organisms,organitis,organizes,organizer,organized,organic's,organical,organiced,organicly,organisms's,organizeing,organizered,organizer's,organized's,organizedly,organizings,organications,organizations,organations,organicational,organs,organe,organational,organation's,organization,organ,organizeness,organizering,organizers's,organizing's,organal,organed,organes,organer,organic,organ's,organizationed,organization's,organality,organation,organicals,organicity,organicing,organics's,organism's,organities,organize's,organizely,organizers,organizeds,organizing,organeizations,organate,organics,organeer,organeli,organely,organlis,organing,organity,organism,organize,organs's,organous,organned,organicality,organication,organizations's,organically,organicities,organicity's,organicness
gardenallis,gardeneer's,gardeners's,gardenering,gardenfully,gardenant,gardenate,gardene's,gardeners,gardeneer,gardenful,gardenize,gardening,gardenned,gardens's,gardening's,gardenizing,gardens,gardene,garden,gardenization,gardenable,gardenal's,gardenally,gardenator,gardeneers,gardener's,gardeneing,gardenerly,gardenings,gardenized,gardenment,gardenning,gardenness,gardenic,gardenly,gardenal,gardened,gardener,gardenes,garden's
travele,travels,travell,traveleating,travelabilities,travelable,travelance,travelator,traveleing,traveler's,traveled's,traveleers,travelizer,travelings,travelitis,travellate,travellous,travellers,travelling,travelness,travelallied,travelations,travelator's,travelate,travelals,traveleer,traveleds,travelers,travele's,travelize,travelism,travelive,travelity,traveling,travell's,travelled,traveller,travels's,travel,travellators,travelators,travelation,travellers's,travellering,travelal,travelic,traveler,traveles,traveled,travells,travel's,travelers's,travelling's,travelfully,travelicity,traveling's,travellator,travellated,traveller's,travelled's,travellings,travelation's,travelability
diabet,diabeted,diabetic,diabeter,diabetes,diabetli,diabetically,diabete,diabets,diabetality,diabeteers,diabeteics,diabetes's,diabetical,diabetic's,diabetism,diabetics,diabeters,diabeteds,diabeteic,diabete's
levelational,levelant,levelate,levele's,leveleer,leveleds,levelers,levelful,leveling,levelism,levelize,levell's,leveller,levelled,levels's,levelization,levelability,levelator's,level's,levelal,leveled,leveler,leveles,levells,level,levelation,levelating,levelators,leveleated,leveling's,levelizing,levellable,levellance,levellated,levellator,leveller's,levellings,levellized,levellness,levelable,levelated,levelator,leveleing,leveleers,leveler's,levelings,levelized,levelizes,levelizer,levellers,levellent,levelling,levellism,levelness,levelment,levele,levell,levels
indians,indiane,indianational,indianics,indianity,indianism,indianize,indianing,indians's,indiane's,indianate,indianers,indianeer,indianization,indian's,indianed,indianal,indianly,indianic,indianer,indianes,indian,indianalli,indianisms,indianizes,indianized,indianic's,indianness,indianation,indianizing,indianationality
boardeli,boarding,boarde's,boards's,boardeing,boardding,boarded's,boardings,boardness,board's,boardes,boarded,boardly,boardli,board,boardeli's,boarding's,boarde,boards
small's,smalles,smalled,small,smallnesses,smalleness,smalling's,smalls,smalle,smalle's,smalling,smalls's,smalled's,smallings,smallness
bobcat's,bobcatal,bobcates,bobcator,bobcate,bobcats,bobcatting,bobcats's,bobcat
use,usee,used,uses,usefuling,use's,useed,usees,useds,useli,usely,using,usefuls,useeful,useeing,useness,using's,usingly,usefulness's,usefulnesses,usefulness,usedly,usee's,used's,useful,uselis,useing,uses's,usings,useelying,usefully,useful's
hip,hips,hip's,hipness,hipping,hipped,hips's,hipfully,hippings,hipnesses
show,showe,shows,showes,showed,show's,showing,showe's,showeds,shows's,showeing,showfuls,showings,showness,showing's,showingly
titanics's,titanicful,titanizing,titan's,titanal,titanes,titaned,titanic,titan,titanically,titans,titane,titanates,titanated,titanic's,titanicly,titanical,titanizer,titanized,titanitis,titanness,titanate's,titanating,titanation,titanate,titanent,titaneer,titane's,titanize,titanism,titaning,titanics,titans's,titanous
mayo,mayos's,mayos,mayoe,mayoness,mayoed,mayoes,mayo's
day,daye,days,days's,dayful,daying,daye's,dayely,dayeli,daying's,day's,dayed,dayes,dayeing,dayes's,dayings,dayness
tornadoing,tornadoers,tornadoeds,tornados's,tornado's,tornadoer,tornadoes,tornadoed,tornadoe,tornados,tornado
creatingly,creating's,createfully,created's,createdly,createful,creates's,createing,creatings,creatness,creatting,creat,creating,createds,creately,create's,creatted,creatly,created,creates,creat's,creats,create
tree,treeing,trees's,trees,tree's
gmat,gmats,gmat's,gmattingly,gmatting
tax,taxingly,taxs,taxe,taxes's,taxings,tax's,taxes,taxed,taxe's,taxeli,taxeds,taxing
historis,historie,historys,historial's,historially,historiated,historiator,historiance,histories's,historiical,historiness,historiity,historieal,historiers,historials,historiate,historie's,historying,historiic,historier,histories,historied,historial,history's,historyed,history,histori,historiically,historialisms,historialized,historiality,historiallis,historiation
waters,watere,watering,waterize,waterous,waterate,watere's,waterers,waterful,waters's,waterred,water's,watered,wateres,waterer,waterli,waterly,waterably,waterable,waterer's,watereing,waterfuls,waterered,waterized,waterizer,waterings,watericed,waterness,waterly's,waterring,waterering,watering's,wateringly,waterizing,waterrings,water,waterability,waterallied
fybromyalgia,fybromyalgias
condo,condoes,condoed,condo's,condoing,condos's,condoe,condos
forearm,forearms,forearme,forearming,forearmes,forearmed,forearm's
who,whoing,who's,whoed,whoings
game,gameness's,games's,gameful,gameing,gamedly,gamings,gaming,gameds,gameed,gamees,gameli,gamely,game's,games,gamee,gamed,gamefulness,gameings,gameness,gaming's,gamefully
howarde,howards,howard's,howardes,howardal,howardli,howardly,howarditis,howardisms,howardized,howardness,howard,howarde's,howardism,howards's
rockie's,rockieds,rockiing,rocky's,rockyed,rocki's,rockies,rockied,rockies's,rockiness,rocky,rocki,rockys,rockie,rockis
dinosaurs,dinosaure,dinosaural's,dinosaurical,dinosaurisms,dinosaur,dinosaurication,dinosauric,dinosaurly,dinosaur's,dinosaural,dinosaured,dinosaures,dinosaurer,dinosaurers,dinosaurism,dinosaurity,dinosauring,dinosaurous,dinosaurs's
east,eastes's,eastings,eastness,eastes,easted,eastly,east's,easts,easte,easting's,easte's,eastful,easteds,eastely,easting,eastted,easts's
car,cars,carrings,carfuls,carlies,carli's,carly's,carness,carring,carreds,carnesses,car's,carly,carli,carlys,carlis,carred,cars's,carful,carfully,carlis's
idahoism,idahoers,idaho's,idahoes,idaho,idahoe,idahos
hospitable,hospitably,hospital's,hospitaled,hospitally,hospitator,hospitible,hospitibly,hospitized,hospitableness,hospite,hospits,hospitalizations,hospitables,hospitals's,hospitaling,hospitalize,hospitaliti,hospitality,hospitalism,hospitation,hospitalization's,hospit,hospitization,hospitability,hospitability's,hospitalitis,hospitalitys,hospitalizer,hospitalizes,hospitalized,hospitalness,hospitalities,hospitality's,hospitalizing,hospitations,hospitly,hospited,hospiter,hospites,hospital,hospitate,hospitant,hospitals,hospition,hospitalization
park,parks's,parke's,parking,parkeds,parkeli,parkful,park's,parkly,parked,parkes,parking's,parklying,parks,parke,parked's,parkeing,parkelis,parkes's,parkings,parklies,parklied,parkness,parkness's
butterate,buttere's,butterers,butterful,buttering,butterity,butterize,butterlys,butters's,butterred,butterable,butterance,buttericed,butterings,butterlied,butterlies,butterly's,butterment,butterness,butterfully,butter,butterly,butteric,butterer,butteres,buttered,butteral,butter's,buttere,butters
sat,sats,sat's,satli,satly,satted,satly's,satness,satting
chef,chefs,cheffing's,cheffing,chefness,cheffed,chefs's,cheffings,chef's
design,designant,designate,designe's,designned,designous,designs's,designent,designers,designeds,designeer,designful,designism,designity,designize,designing,designabilities,designements,designerings,designerness,designerring,designationally,designables,designality,designanted,designate's,designateds,designating,designation,designately,designative,designators,designeated,designeally,designering,designers's,designerred,designfully,designationed,designational,designation's,designatively,designingly,designing's,designity's,designities,designizing,designments,designability,designe,designs,designisms's,designic,designli,designly,designal,designed,designer,designes,design's,designator,designated,designates,designants,designable,designered,designerly,designer's,designeing,designeers,designedly,designiced,designical,designized,designitis,designisms,designings,designment,designning,designness,designallied,designatedly,designatives,designations,designatings,designator's
cleanly,cleanli,cleanes,cleaned,clean's,cleaneing,cleaned's,cleanings,cleanness,cleanning,clean,cleannesses,cleanfully,cleaning's,cleaningly,cleane,cleans,cleanned,cleanely,cleaneds,cleaning
milwaukee's,milwaukeed,milwaukees,milwaukee
capitol,capitoler,capitoles,capitolic,capitolal,capitol's,capitolations,capitolizing,capitolers,capitole's,capitolize,capitolism,capitolizes,capitolized,capitollize,capitole,capitols,capitoll,capitolization
bellevue,bellevu,bellevue's,bellevuer,bellevues,bellevued,bellevu's,bellevuered
churchill's,churchilled,churchillism,churchills's,churchil,churchills,churchil's,churchillization,churchile,churchill,churchils
builddings,buildeings,building's,build,builde's,buildeds,building,buildings's,buildding,buildeing,buildings,builded,buildes,build's,buildly,builds,builde
clinice,clinics,clinical's,clinicaled,clinically,clinicical,clinicized,cliniced,clinices,clinical,clinic's,clinicly,clinicalize,clinicality,clinicalism,clinication,clinicalities,clinicically,clinics's,clinicals,clinicing,clinicics,clinicism,clinicers,clinicely,clinicalized,clinicalness,clinicalization,clinic
barbadoe,barbados,barbadoes,barbadoed,barbado's,barbado,barbadoing,barbados's,barbadoe's
